id,name,lat,long,tlc
0,Abbey Wood,51.4911,0.1214,ABW
1,Aber,51.575,-3.2298,ABE
2,Abercynon,51.6447,-3.327,ACY
3,Aberdare,51.7151,-3.4431,ABA
4,Aberdeen,57.1437,-2.0987,ABD
5,Aberdour,56.0546,-3.3006,AUR
6,Aberdovey,52.544,-4.0571,AVY
7,Abererch,52.8986,-4.3742,ABH
8,Abergavenny,51.8167,-3.0096,AGV
9,Abergele and Pensarn,53.2946,-3.5826,AGL
10,Aberystwyth,52.414,-4.0819,AYW
11,Accrington,53.753,-2.3695,ACR
12,Achanalt,57.6096,-4.9139,AAT
13,Achnasheen,57.5793,-5.0723,ACN
14,Achnashellach,57.4821,-5.3331,ACH
15,Acklington,55.3071,-1.6518,ACK
16,Acle,52.6347,1.5439,ACL
17,Acocks Green,52.4493,-1.819,ACG
18,Acton Bridge (Cheshire),53.2665,-2.6031,ACB
19,Acton Central,51.5087,-0.263,ACC
20,Acton Main Line,51.5172,-0.2668,AML
21,Adderley Park,52.4831,-1.8559,ADD
22,Addiewell,55.8434,-3.6065,ADW
23,Addlestone,51.373,-0.4845,ASN
24,Adisham,51.2412,1.1991,ADM
25,Adlington (Cheshire),53.3196,-2.1336,ADC
26,Adlington (Lancashire),53.6132,-2.6031,ADL
27,Adwick,53.5723,-1.1804,AWK
28,Aigburth,53.3646,-2.9272,AIG
29,Ainsdale,53.602,-3.0427,ANS
30,Aintree,53.4739,-2.9563,AIN
31,Airbles,55.7828,-3.9942,AIR
32,Airdrie,55.864,-3.9829,ADR
33,Albany Park,51.4355,0.1257,AYP
34,Albrighton,52.6379,-2.2689,ALB
35,Alderley Edge,53.3038,-2.2368,ALD
36,Aldermaston,51.402,-1.1374,AMT
37,Aldershot,51.2464,-0.7599,AHT
38,Aldrington,50.8364,-0.1838,AGT
39,Alexandra Palace,51.5979,-0.1202,AAP
40,Alexandra Parade,55.8632,-4.2106,AXP
41,Alexandria,55.9851,-4.5775,ALX
42,Alfreton,53.1004,-1.3697,ALF
43,Allens West,54.5246,-1.3611,ALW
44,Alloa,56.1178,-3.7901,ALO
45,Alness,57.6944,-4.2497,ASS
46,Alnmouth,55.3928,-1.6366,ALM
47,Alresford (Essex),51.854,0.9974,ALR
48,Alsager,53.093,-2.2991,ASG
49,Althorne (Essex),51.6479,0.7525,ALN
50,Althorpe,53.5855,-0.7332,ALP
51,Altnabreac,58.3882,-3.7063,ABC
52,Alton,51.152,-0.9669,AON
53,Altrincham,53.3877,-2.3469,ALT
54,Alvechurch,52.3461,-1.9677,ALV
55,Ambergate,53.0605,-1.4807,AMB
56,Amberley,50.8967,-0.542,AMY
57,Amersham,51.6742,-0.6076,AMR
58,Ammanford,51.796,-3.9967,AMF
59,Ancaster,52.9877,-0.5356,ANC
60,Anderston,55.8599,-4.271,AND
61,Andover,51.2115,-1.4922,ADV
62,Anerley,51.4122,-0.0659,ANZ
63,Angel Road,51.6124,-0.0488,AGR
64,Angmering,50.8166,-0.4894,ANG
65,Annan,54.9838,-3.2626,ANN
66,Anniesland,55.8894,-4.322,ANL
67,Ansdell and Fairhaven,53.7415,-2.993,AFV
68,Apperley Bridge,53.8418,-1.7058,APY
69,Appleby,54.5803,-2.4867,APP
70,Appledore (Kent),51.0332,0.8163,APD
71,Appleford,51.6396,-1.2421,APF
72,Appley Bridge,53.5787,-2.7193,APB
73,Apsley,51.7325,-0.4629,APS
74,Arbroath,56.5596,-2.5889,ARB
75,Ardgay,57.8815,-4.3621,ARD
76,Ardlui,56.302,-4.7217,AUI
77,Ardrossan Harbour,55.6399,-4.8211,ADS
78,Ardrossan South Beach,55.6414,-4.8012,ASB
79,Ardrossan Town,55.6397,-4.8127,ADN
80,Ardwick,53.4713,-2.2139,ADK
81,Argyle Street,55.8573,-4.2507,AGS
82,Arisaig,56.9126,-5.8391,ARG
83,Arlesey,52.026,-0.2663,ARL
84,Armadale (West Lothian),55.8857,-3.6954,ARM
85,Armathwaite,54.8095,-2.7721,AWT
86,Arnside,54.2027,-2.8282,ARN
87,Arram,53.8843,-0.4266,ARR
88,Arrochar and Tarbet,56.204,-4.7228,ART
89,Arundel,50.8482,-0.5462,ARU
90,Ascot (Berks),51.4062,-0.6758,ACT
91,Ascott-Under-Wychwood,51.8673,-1.5641,AUW
92,Ash,51.2496,-0.7128,ASH
93,Ash Vale,51.2722,-0.7216,AHV
94,Ashburys,53.4716,-2.1944,ABY
95,Ashchurch for Tewkesbury,51.9989,-2.1088,ASC
96,Ashfield,55.8889,-4.2492,ASF
97,Ashford (Surrey),51.4365,-0.4681,AFS
98,Ashford International,51.1437,0.8762,AFK
99,Ashley,53.3557,-2.3415,ASY
100,Ashtead,51.3179,-0.3076,AHD
101,Ashton-Under-Lyne,53.4913,-2.0943,AHN
102,Ashurst (Kent),51.1287,0.1527,AHS
103,Ashurst New Forest,50.8899,-1.5266,ANF
104,Ashwell and Morden,52.0308,-0.1098,AWM
105,Askam,54.1889,-3.2045,ASK
106,Aslockton,52.9515,-0.8981,ALK
107,Aspatria,54.759,-3.3319,ASP
108,Aspley Guise,52.0212,-0.6323,APG
109,Aston,52.5042,-1.8719,AST
110,Atherstone,52.579,-1.5528,ATH
111,Atherton,53.5291,-2.479,ATN
112,Attadale,57.395,-5.4556,ATT
113,Attenborough,52.9062,-1.2314,ATB
114,Attleborough,52.5145,1.0223,ATL
115,Auchinleck,55.4703,-4.2954,AUK
116,Audley End,52.0044,0.2072,AUD
117,Aughton Park,53.5543,-2.8952,AUG
118,Aviemore,57.1885,-3.8289,AVM
119,Avoncliff,51.3397,-2.2813,AVF
120,Avonmouth,51.5004,-2.6995,AVN
121,Axminster,50.7793,-3.0047,AXM
122,Aylesbury,51.8139,-0.8151,AYS
123,Aylesbury Vale Parkway,51.8312,-0.8602,AVP
124,Aylesford,51.3013,0.4662,AYL
125,Aylesham,51.2273,1.2095,AYH
126,Ayr,55.4581,-4.6259,AYR
127,Bache,53.2088,-2.8917,BAC
128,Baglan,51.6155,-3.8111,BAJ
129,Bagshot,51.3644,-0.6887,BAG
130,Baildon,53.8502,-1.7536,BLD
131,Baillieston,55.8445,-4.1137,BIO
132,Balcombe,51.0555,-0.1369,BAB
133,Baldock,51.9929,-0.1876,BDK
134,Balham,51.4432,-0.1524,BAL
135,Balloch,56.0029,-4.5835,BHC
136,Balmossie,56.4746,-2.839,BSI
137,Bamber Bridge,53.7269,-2.6608,BMB
138,Bamford,53.339,-1.6891,BAM
139,Banavie,56.8433,-5.0954,BNV
140,Banbury,52.0603,-1.3281,BAN
141,Bangor (Gwynedd),53.2223,-4.1359,BNG
142,Bank Hall,53.4375,-2.9875,BAH
143,Banstead,51.3293,-0.2132,BAD
144,Barassie,55.5611,-4.6511,BSS
145,Bardon Mill,54.9745,-2.3465,BLL
146,Bare Lane,54.0745,-2.8353,BAR
147,Bargeddie,55.8513,-4.0738,BGI
148,Bargoed,51.6923,-3.2297,BGD
149,Barking,51.5395,0.0809,BKG
150,Barming,51.2849,0.479,BMG
151,Barmouth,52.7229,-4.0566,BRM
152,Barnehurst,51.465,0.1596,BNH
153,Barnes,51.4671,-0.2422,BNS
154,Barnes Bridge,51.472,-0.2526,BNI
155,Barnetby,53.5751,-0.4097,BTB
156,Barnham,50.8309,-0.6397,BAA
157,Barnhill,55.8775,-4.223,BNL
158,Barnsley,53.5543,-1.4772,BNY
159,Barnstaple,51.074,-4.0631,BNP
160,Barnt Green,52.3611,-1.9925,BTG
161,Barrhead,55.8038,-4.3973,BRR
162,Barrhill,55.097,-4.7818,BRL
163,Barrow Haven,53.6974,-0.393,BAV
164,Barrow-In-Furness,54.119,-3.2261,BIF
165,Barrow-Upon-Soar,52.7493,-1.1448,BWS
166,Barry,51.3968,-3.285,BRY
167,Barry Docks,51.4024,-3.2607,BYD
168,Barry Island,51.3924,-3.2734,BYI
169,Barry Links,56.4932,-2.7454,BYL
170,Barton-On-Humber,53.6889,-0.4434,BAU
171,Basildon,51.5681,0.4568,BSO
172,Basingstoke,51.2684,-1.0873,BSK
173,Bat and Ball,51.2898,0.1942,BBL
174,Bath Spa,51.3777,-2.357,BTH
175,Bathgate,55.8972,-3.6361,BHG
176,Batley,53.7099,-1.623,BTL
177,Battersby,54.4577,-1.093,BTT
178,Battersea Park,51.477,-0.1475,BAK
179,Battle,50.9129,0.4947,BAT
180,Battlesbridge,51.6248,0.5653,BLB
181,Bayford,51.7577,-0.0956,BAY
182,Beaconsfield,51.6113,-0.6438,BCF
183,Bearley,52.2444,-1.7503,BER
184,Bearsden,55.9171,-4.332,BRN
185,Bearsted,51.2758,0.5776,BSD
186,Beasdale,56.8996,-5.7638,BSL
187,Beaulieu Road,50.855,-1.5047,BEU
188,Beauly,57.4783,-4.4699,BEL
189,Bebington,53.3577,-3.0036,BEB
190,Beccles,52.4585,1.5695,BCC
191,Beckenham Hill,51.4246,-0.016,BEC
192,Beckenham Junction,51.4112,-0.026,BKJ
193,Bedford,52.1362,-0.4794,BDM
194,Bedford St Johns,52.1295,-0.4675,BSJ
195,Bedhampton,50.854,-0.9958,BDH
196,Bedminster,51.4401,-2.5941,BMT
197,Bedworth,52.4793,-1.4674,BEH
198,Bedwyn,51.3796,-1.5988,BDW
199,Beeston,52.9208,-1.2077,BEE
200,Bekesbourne,51.2614,1.1367,BKS
201,Belle Vue,53.4624,-2.1805,BLV
202,Bellgrove,55.8567,-4.2244,BLG
203,Bellingham,51.4329,-0.0193,BGM
204,Bellshill,55.8171,-4.0245,BLH
205,Belmont,51.3438,-0.1989,BLM
206,Belper,53.0238,-1.4825,BLP
207,Beltring,51.2047,0.4035,BEG
208,Belvedere,51.4921,0.1523,BVD
209,Bempton,54.1277,-0.1805,BEM
210,Ben Rhydding,53.9257,-1.7974,BEY
211,Benfleet,51.5439,0.5617,BEF
212,Bentham,54.1155,-2.5107,BEN
213,Bentley (Hampshire),51.1812,-0.8681,BTY
214,Bentley (South Yorkshire),53.5439,-1.1509,BYK
215,Bere Alston,50.4856,-4.2004,BAS
216,Bere Ferrers,50.4513,-4.1814,BFE
217,Berkhamsted,51.7631,-0.562,BKM
218,Berkswell,52.3959,-1.6428,BKW
219,Bermuda Park,52.5014,-1.4722,BEP
220,Berney Arms,52.5898,1.6304,BYA
221,Berry Brow,53.621,-1.7934,BBW
222,Berrylands,51.399,-0.2807,BRS
223,Berwick (Sussex),50.8404,0.166,BRK
224,Berwick-Upon-Tweed,55.7743,-2.011,BWK
225,Bescar Lane,53.6239,-2.9146,BES
226,Bescot Stadium,52.5631,-1.9911,BSC
227,Betchworth,51.2482,-0.267,BTO
228,Bethnal Green Rail,51.5239,-0.0596,BET
229,Betws-y-Coed,53.0921,-3.8009,BYC
230,Beverley,53.8423,-0.423,BEV
231,Bexhill,50.841,0.477,BEX
232,Bexley,51.4402,0.1479,BXY
233,Bexleyheath,51.4635,0.1337,BXH
234,Bicester North,51.9035,-1.1504,BCS
235,Bicester Village,51.893,-1.1488,BIT
236,Bickley,51.4001,0.0452,BKL
237,Bidston,53.4091,-3.0786,BID
238,Biggleswade,52.0847,-0.2612,BIW
239,Bilbrook,52.6237,-2.1861,BBK
240,Billericay,51.6289,0.4186,BIC
241,Billingham,54.6056,-1.2797,BIL
242,Billingshurst,51.0152,-0.4503,BIG
243,Bingham,52.9542,-0.9515,BIN
244,Bingley,53.8486,-1.8373,BIY
245,Birchgrove,51.5216,-3.2019,BCG
246,Birchington-On-Sea,51.3775,1.3014,BCH
247,Birchwood,53.4127,-2.5253,BWD
248,Birkbeck,51.4039,-0.0557,BIK
249,Birkdale,53.6341,-3.0145,BDL
250,Birkenhead Central,53.3883,-3.0208,BKC
251,Birkenhead Hamilton Square,53.3947,-3.0137,BKQ
252,Birkenhead North,53.4044,-3.0575,BKN
253,Birkenhead Park,53.3974,-3.0391,BKP
254,Birmingham International,52.4508,-1.7259,BHI
255,Birmingham Moor Street,52.4791,-1.8925,BMO
256,Birmingham New Street,52.4778,-1.9002,BHM
257,Birmingham Snow Hill,52.4834,-1.8991,BSW
258,Bishop Auckland,54.6572,-1.6777,BIA
259,Bishopbriggs,55.9039,-4.2249,BBG
260,Bishops Stortford,51.8667,0.1649,BIS
261,Bishopstone (Sussex),50.7801,0.0828,BIP
262,Bishopton (Renfrewshire),55.9023,-4.5005,BPT
263,Bitterne,50.9182,-1.377,BTE
264,Blackburn,53.7465,-2.4791,BBN
265,Blackfriars,51.5118,-0.1033,BFR
266,Blackheath,51.4658,0.0089,BKH
267,Blackhorse Road,51.5866,-0.0412,BHO
268,Blackpool North,53.8219,-3.0493,BPN
269,Blackpool Pleasure Beach,53.788,-3.0539,BPB
270,Blackpool South,53.7987,-3.0489,BPS
271,Blackridge,55.8843,-3.7508,BKR
272,Blackrod,53.5915,-2.5695,BLK
273,Blackwater,51.3316,-0.7767,BAW
274,Blaenau Ffestiniog,52.9946,-3.9386,BFF
275,Blair Atholl,56.7656,-3.8502,BLA
276,Blairhill,55.8665,-4.0433,BAI
277,Blake Street,52.6049,-1.8449,BKT
278,Blakedown,52.4064,-2.1769,BKD
279,Blantyre,55.7973,-4.087,BLT
280,Blaydon,54.9658,-1.7126,BLO
281,Bleasby,53.0414,-0.9437,BSB
282,Bletchley,51.9953,-0.7363,BLY
283,Bloxwich,52.6182,-2.0115,BLX
284,Bloxwich North,52.6254,-2.0177,BWN
285,Blundellsands and Crosby,53.4877,-3.0399,BLN
286,Blythe Bridge,52.9681,-2.067,BYB
287,Bodmin Parkway,50.4459,-4.6629,BOD
288,Bodorgan,53.2043,-4.418,BOR
289,Bognor Regis,50.7866,-0.6762,BOG
290,Bogston,55.937,-4.7114,BGS
291,Bolton,53.5741,-2.4258,BON
292,Bolton-Upon-Dearne,53.5189,-1.3115,BTD
293,Bookham,51.2887,-0.384,BKA
294,Bootle (Cumbria),54.2913,-3.3939,BOC
295,Bootle New Strand,53.4534,-2.9947,BNW
296,Bootle Oriel Road,53.4466,-2.9957,BOT
297,Bordesley,52.4719,-1.8778,BBS
298,Borough Green and Wrotham,51.2932,0.3062,BRG
299,Borth,52.491,-4.0502,BRH
300,Bosham,50.8427,-0.8474,BOH
301,Boston,52.9781,-0.031,BSN
302,Botley,50.9165,-1.2592,BOE
303,Bottesford,52.9446,-0.7948,BTF
304,Bourne End,51.5771,-0.7105,BNE
305,Bournemouth,50.7273,-1.8645,BMH
306,Bournville,52.427,-1.9264,BRV
307,Bow Brickhill,52.0043,-0.6961,BWB
308,Bowes Park,51.607,-0.1206,BOP
309,Bowling,55.9311,-4.4938,BWG
310,Box Hill and Westhumble,51.254,-0.3285,BXW
311,Bracknell,51.4131,-0.7517,BCE
312,Bradford Forster Square,53.7969,-1.753,BDQ
313,Bradford Interchange,53.7911,-1.7496,BDI
314,Bradford-On-Avon,51.3449,-2.2523,BOA
315,Brading,50.6784,-1.1387,BDN
316,Braintree,51.8754,0.5567,BTR
317,Braintree Freeport,51.8694,0.5684,BTP
318,Bramhall,53.3606,-2.1636,BML
319,Bramley (Hampshire),51.3303,-1.061,BMY
320,Bramley (West Yorkshire),53.8053,-1.6372,BLE
321,Brampton (Cumbria),54.9324,-2.7029,BMP
322,Brampton (Suffolk),52.3954,1.5438,BRP
323,Branchton,55.9406,-4.8035,BCN
324,Brandon,52.454,0.6247,BND
325,Branksome,50.727,-1.9198,BSM
326,Braystones,54.4394,-3.5418,BYS
327,Bredbury,53.4232,-2.1105,BDY
328,Breich,55.8273,-3.6681,BRC
329,Brentford,51.4875,-0.3097,BFD
330,Brentwood,51.6136,0.2996,BRE
331,Bricket Wood,51.7054,-0.3591,BWO
332,Bridge Of Allan,56.1566,-3.9572,BEA
333,Bridge Of Orchy,56.5159,-4.763,BRO
334,Bridgend,51.507,-3.5753,BGN
335,Bridgeton,55.849,-4.2261,BDG
336,Bridgwater,51.1279,-2.9904,BWT
337,Bridlington,54.0841,-0.1987,BDT
338,Brierfield,53.824,-2.2365,BRF
339,Brigg,53.5491,-0.4861,BGG
340,Brighouse,53.6982,-1.7794,BGH
341,Brighton,50.829,-0.1413,BTN
342,Brimsdown,51.6556,-0.0308,BMD
343,Brinnington,53.4321,-2.1351,BNT
344,Bristol Parkway,51.5138,-2.5422,BPW
345,Bristol Temple Meads,51.4491,-2.5813,BRI
346,Brithdir,51.7103,-3.2287,BHD
347,Briton Ferry,51.6379,-3.8193,BNF
348,Brixton,51.4633,-0.1142,BRX
349,Broad Green,53.4065,-2.8935,BGE
350,Broadbottom,53.441,-2.0165,BDB
351,Broadstairs,51.3607,1.4336,BSR
352,Brockenhurst,50.8168,-1.5735,BCU
353,Brockholes,53.597,-1.7697,BHS
354,Brockley,51.4646,-0.0375,BCY
355,Bromborough,53.3218,-2.9869,BOM
356,Bromborough Rake,53.3299,-2.9895,BMR
357,Bromley Cross (Lancs),53.614,-2.4109,BMC
358,Bromley North,51.4083,0.017,BMN
359,Bromley South,51.4,0.0173,BMS
360,Bromsgrove,52.3223,-2.0473,BMV
361,Brondesbury,51.5452,-0.2023,BSY
362,Brondesbury Park,51.5407,-0.2101,BSP
363,Brookmans Park,51.7211,-0.2045,BPK
364,Brookwood,51.3038,-0.6357,BKO
365,Broome,52.4228,-2.8852,BME
366,Broomfleet,53.7402,-0.6718,BMF
367,Brora,58.013,-3.8523,BRA
368,Brough,53.727,-0.5787,BUH
369,Broughty Ferry,56.4672,-2.8732,BYF
370,Broxbourne,51.7469,-0.0111,BXB
371,Bruce Grove,51.594,-0.0699,BCV
372,Brundall,52.6195,1.4393,BDA
373,Brundall Gardens,52.6234,1.4184,BGA
374,Brunstane,55.9425,-3.101,BSU
375,Brunswick,53.3832,-2.9761,BRW
376,Bruton,51.1116,-2.4471,BRU
377,Bryn,53.4999,-2.6472,BYN
378,Buckenham,52.5977,1.4703,BUC
379,Buckley,53.163,-3.0559,BCK
380,Bucknell,52.3574,-2.9474,BUK
381,Buckshaw Parkway,53.6733,-2.6608,BSV
382,Bugle,50.4004,-4.7921,BGL
383,Builth Road,52.1693,-3.427,BHR
384,Bulwell,52.9997,-1.1962,BLW
385,Bures,51.9712,0.7691,BUE
386,Burgess Hill,50.9537,-0.1274,BUG
387,Burley Park,53.812,-1.5778,BUY
388,Burley-In-Wharfedale,53.9082,-1.7534,BUW
389,Burnage,53.4212,-2.2157,BNA
390,Burneside (Cumbria),54.355,-2.7667,BUD
391,Burnham,51.5235,-0.6464,BNM
392,Burnham-On-Crouch,51.6337,0.814,BUU
393,Burnley Barracks,53.7909,-2.2581,BUB
394,Burnley Central,53.7935,-2.245,BNC
395,Burnley Manchester Road,53.785,-2.2489,BYM
396,Burnside (South Lanarkshire),55.8169,-4.2024,BUI
397,Burntisland,56.0571,-3.2332,BTS
398,Burscough Bridge,53.6053,-2.8409,BCB
399,Burscough Junction,53.5975,-2.8406,BCJ
400,Bursledon,50.8837,-1.305,BUO
401,Burton Joyce,52.9834,-1.0409,BUJ
402,Burton-On-Trent,52.8058,-1.6425,BUT
403,Bury St Edmunds,52.2538,0.7133,BSE
404,Busby,55.7803,-4.2622,BUS
405,Bush Hill Park,51.6415,-0.0692,BHK
406,Bushey,51.6458,-0.3853,BSH
407,Butlers Lane,52.5925,-1.838,BUL
408,Buxted,50.99,0.1314,BXD
409,Buxton,53.2607,-1.9129,BUX
410,Byfleet and New Haw,51.3498,-0.4814,BFN
411,Bynea,51.672,-4.0989,BYE
412,Cadoxton,51.4123,-3.2489,CAD
413,Caergwrle,53.1079,-3.0329,CGW
414,Caerphilly,51.5716,-3.2185,CPH
415,Caersws,52.5161,-3.4325,CWS
416,Caldercruix,55.8879,-3.8877,CAC
417,Caldicot,51.5848,-2.7606,CDT
418,Caledonian Road and Barnsbury,51.543,-0.1167,CIR
419,Calstock,50.4978,-4.209,CSK
420,Cam and Dursley,51.7176,-2.3591,CDU
421,Camberley,51.3363,-0.7443,CAM
422,Camborne,50.2104,-5.2974,CBN
423,Cambridge,52.1941,0.1375,CBG
424,Cambridge Heath,51.532,-0.0573,CBH
425,Cambridge North,52.2245,0.1585,CMB
426,Cambuslang,55.8196,-4.173,CBL
427,Camden Road,51.5418,-0.1387,CMD
428,Camelon,56.0061,-3.8176,CMO
429,Canada Water,51.498,-0.0497,ZCW
430,Canley,52.3992,-1.5476,CNL
431,Cannock,52.6862,-2.0221,CAO
432,Cannon Street,51.5114,-0.0903,CST
433,Canonbury,51.5487,-0.0922,CNN
434,Canterbury East,51.2743,1.076,CBE
435,Canterbury West,51.2843,1.0753,CBW
436,Cantley,52.5787,1.5134,CNY
437,Capenhurst,53.2602,-2.9423,CPU
438,Carbis Bay,50.1971,-5.4633,CBB
439,Cardenden,56.1413,-3.2616,CDD
440,Cardiff Bay,51.4671,-3.1664,CDB
441,Cardiff Central,51.476,-3.1793,CDF
442,Cardiff Queen Street,51.482,-3.1702,CDQ
443,Cardonald,55.8526,-4.3407,CDO
444,Cardross,55.9604,-4.6531,CDR
445,Carfin,55.8073,-3.9563,CRF
446,Cark and Cartmel,54.178,-2.9741,CAK
447,Carlisle,54.8907,-2.9332,CAR
448,Carlton,52.9651,-1.0787,CTO
449,Carluke,55.7313,-3.8489,CLU
450,Carmarthen,51.8534,-4.306,CMN
451,Carmyle,55.8343,-4.1582,CML
452,Carnforth,54.1297,-2.7712,CNF
453,Carnoustie,56.5006,-2.7066,CAN
454,Carntyne,55.8549,-4.1786,CAY
455,Carpenders Park,51.6284,-0.3859,CPK
456,Carrbridge,57.2795,-3.8282,CAG
457,Carshalton,51.3685,-0.1664,CSH
458,Carshalton Beeches,51.3574,-0.1698,CSB
459,Carstairs,55.6911,-3.6685,CRS
460,Cartsdyke,55.9422,-4.7316,CDY
461,Castle Bar Park,51.5229,-0.3315,CBP
462,Castle Cary,51.0998,-2.5228,CLC
463,Castleford,53.7241,-1.3547,CFD
464,Castleton (Manchester),53.5918,-2.1782,CAS
465,Castleton Moor,54.4671,-0.9466,CSM
466,Caterham,51.2821,-0.0783,CAT
467,Catford,51.4444,-0.0263,CTF
468,Catford Bridge,51.4447,-0.0248,CFB
469,Cathays,51.4889,-3.1787,CYS
470,Cathcart,55.8177,-4.2605,CCT
471,Cattal,53.9974,-1.3205,CTL
472,Causeland,50.4057,-4.4664,CAU
473,Cefn-Y-Bedd,53.0988,-3.0311,CYB
474,Chadwell Heath,51.568,0.129,CTH
475,Chafford Hundred,51.4856,0.2874,CFH
476,Chalfont and Latimer,51.6681,-0.5605,CFO
477,Chalkwell,51.5387,0.6706,CHW
478,Chandlers Ford,50.9837,-1.3852,CFR
479,Chapel-En-Le-Frith,53.3122,-1.9188,CEF
480,Chapelton (Devon),51.0165,-4.0247,CPN
481,Chapeltown (South Yorkshire),53.4623,-1.4663,CLN
482,Chappel and Wakes Colne,51.9259,0.7585,CWC
483,Charing (Kent),51.2081,0.7903,CHG
484,Charing Cross,51.508,-0.1248,CHX
485,Charing Cross (Glasgow),55.8647,-4.2698,CHC
486,Charlbury,51.8724,-1.4897,CBY
487,Charlton,51.4868,0.0313,CTN
488,Chartham,51.2573,1.018,CRT
489,Chassen Road,53.4462,-2.3682,CSR
490,Chatelherault,55.7652,-4.0047,CTE
491,Chatham,51.3804,0.5212,CTM
492,Chathill,55.5367,-1.7064,CHT
493,Cheadle Hulme,53.3759,-2.1883,CHU
494,Cheam,51.3555,-0.2142,CHE
495,Cheddington,51.8579,-0.6622,CED
496,Chelford (Cheshire),53.2703,-2.2806,CEL
497,Chelmsford,51.7364,0.4686,CHM
498,Chelsfield,51.3563,0.1091,CLD
499,Cheltenham Spa,51.8974,-2.0996,CNM
500,Chepstow,51.6402,-2.6719,CPW
501,Cherry Tree,53.7329,-2.5184,CYT
502,Chertsey,51.3871,-0.5093,CHY
503,Cheshunt,51.7029,-0.024,CHN
504,Chessington North,51.364,-0.3007,CSN
505,Chessington South,51.3565,-0.3082,CSS
506,Chester,53.1967,-2.8796,CTR
507,Chester Road,52.5356,-1.8325,CRD
508,Chester-Le-Street,54.8546,-1.578,CLS
509,Chesterfield,53.2382,-1.4201,CHD
510,Chestfield and Swalecliffe,51.3602,1.0669,CSW
511,Chetnole,50.8664,-2.5729,CNO
512,Chichester,50.8321,-0.7817,CCH
513,Chilham,51.2446,0.9759,CIL
514,Chilworth,51.2152,-0.5248,CHL
515,Chingford,51.6331,0.0099,CHI
516,Chinley,53.3403,-1.9439,CLY
517,Chippenham,51.4625,-2.1154,CPM
518,Chipstead,51.3093,-0.1695,CHP
519,Chirk,52.9331,-3.0656,CRK
520,Chislehurst,51.4056,0.0574,CIT
521,Chiswick,51.4811,-0.2678,CHK
522,Cholsey,51.5702,-1.158,CHO
523,Chorley,53.6525,-2.6268,CRL
524,Chorleywood,51.6542,-0.5183,CLW
525,Christchurch,50.7382,-1.7845,CHR
526,Christs Hospital,51.0507,-0.3636,CHH
527,Church and Oswaldtwistle,53.7505,-2.3912,CTW
528,Church Fenton,53.8266,-1.2276,CHF
529,Church Stretton,52.5374,-2.8037,CTT
530,Cilmeri,52.1505,-3.4565,CIM
531,City Thameslink,51.5139,-0.1036,CTK
532,Clacton-on-Sea,51.794,1.1541,CLT
533,Clandon,51.264,-0.5028,CLA
534,Clapham (North Yorkshire),54.1054,-2.4104,CPY
535,Clapham High Street,51.4655,-0.1325,CLP
536,Clapham Junction,51.4642,-0.1703,CLJ
537,Clapton,51.5616,-0.057,CPT
538,Clarbeston Road,51.8517,-4.8835,CLR
539,Clarkston,55.7894,-4.2756,CKS
540,Claverdon,52.2771,-1.6966,CLV
541,Claygate,51.3612,-0.3482,CLG
542,Cleethorpes,53.5619,-0.0292,CLE
543,Cleland,55.8047,-3.9102,CEA
544,Clifton (Manchester),53.5225,-2.3147,CLI
545,Clifton Down,51.4645,-2.6117,CFN
546,Clitheroe,53.8735,-2.3943,CLH
547,Clock House,51.4086,-0.0407,CLK
548,Clunderwen,51.8405,-4.7318,CUW
549,Clydebank,55.9007,-4.4044,CYK
550,Coatbridge Central,55.8625,-4.0319,CBC
551,Coatbridge Sunnyside,55.8668,-4.0283,CBS
552,Coatdyke,55.8643,-4.005,COA
553,Cobham and Stoke D'abernon,51.3181,-0.3893,CSD
554,Codsall,52.6273,-2.2018,CSL
555,Cogan,51.446,-3.1891,CGN
556,Colchester,51.9007,0.8926,COL
557,Colchester Town,51.8865,0.9048,CET
558,Coleshill Parkway,52.5165,-1.7082,CEH
559,Collingham,53.1441,-0.7504,CLM
560,Collington,50.8393,0.4579,CLL
561,Colne,53.8547,-2.1819,CNE
562,Colwall,52.0799,-2.357,CWL
563,Colwyn Bay,53.2964,-3.7254,CWB
564,Combe (Oxon),51.8326,-1.3941,CME
565,Commondale,54.4813,-0.9751,COM
566,Congleton,53.1579,-2.1926,CNG
567,Conisbrough,53.4893,-1.2343,CNS
568,Connel Ferry,56.4524,-5.3854,CON
569,Conon Bridge,57.5618,-4.4404,CBD
570,Cononley,53.9176,-2.0121,CEY
571,Conway Park,53.3934,-3.0227,CNP
572,Conwy,53.2801,-3.8305,CNW
573,Cooden Beach,50.8334,0.4269,COB
574,Cookham,51.5575,-0.7221,COO
575,Cooksbridge,50.9038,-0.0092,CBR
576,Coombe Junction Halt,50.4459,-4.4819,COE
577,Copplestone,50.8145,-3.7516,COP
578,Corbridge,54.9663,-2.0184,CRB
579,Corby,52.4889,-0.6883,COR
580,Corfe Castle,50.6384,-2.055,CFC
581,Corkerhill,55.8375,-4.3343,CKH
582,Corkickle,54.5417,-3.5822,CKL
583,Corpach,56.8428,-5.122,CPA
584,Corrour,56.7602,-4.6906,CRR
585,Coryton,51.5204,-3.2318,COY
586,Coseley,52.5451,-2.0858,CSY
587,Cosford,52.6448,-2.3003,COS
588,Cosham,50.8419,-1.0673,CSA
589,Cottingham,53.7816,-0.4064,CGM
590,Cottingley,53.7678,-1.5877,COT
591,Coulsdon South,51.3158,-0.1379,CDS
592,Coulsdon Town,51.322,-0.1345,CDN
593,Coventry,52.4008,-1.5135,COV
594,Coventry Arena,52.4477,-1.4941,CAA
595,Cowden (Kent),51.1556,0.11,CWN
596,Cowdenbeath,56.1121,-3.3432,COW
597,Cradley Heath,52.4697,-2.0905,CRA
598,Craigendoran,55.9948,-4.7112,CGD
599,Cramlington,55.0878,-1.5986,CRM
600,Cranbrook (Devon),50.7501,-3.4204,CBK
601,Craven Arms,52.4425,-2.8374,CRV
602,Crawley,51.1122,-0.1867,CRW
603,Crayford,51.4483,0.1789,CRY
604,Crediton,50.7833,-3.6468,CDI
605,Cressing (Essex),51.8523,0.578,CES
606,Cressington,53.3588,-2.912,CSG
607,Creswell,53.2641,-1.2164,CWD
608,Crewe,53.0896,-2.433,CRE
609,Crewkerne,50.8735,-2.7785,CKN
610,Crews Hill,51.6845,-0.1069,CWH
611,Crianlarich,56.3905,-4.6184,CNR
612,Criccieth,52.9184,-4.2375,CCC
613,Cricklewood,51.5585,-0.2127,CRI
614,Croftfoot,55.8183,-4.2283,CFF
615,Crofton Park,51.4552,-0.0365,CFT
616,Cromer,52.9301,1.2928,CMR
617,Cromford,53.1129,-1.5492,CMF
618,Crookston,55.8423,-4.3647,CKT
619,Cross Gates,53.8049,-1.4516,CRG
620,Crossflatts,53.8585,-1.8449,CFL
621,Crosshill,55.8333,-4.2568,COI
622,Crosskeys,51.6209,-3.1262,CKY
623,Crossmyloof,55.834,-4.2843,CMY
624,Croston,53.6676,-2.7778,CSO
625,Crouch Hill,51.5713,-0.1171,CRH
626,Crowborough,51.0464,0.188,COH
627,Crowhurst,50.8886,0.5013,CWU
628,Crowle,53.5897,-0.8174,CWE
629,Crowthorne,51.3667,-0.8193,CRN
630,Croy,55.9557,-4.036,CRO
631,Crystal Palace,51.4181,-0.0726,CYP
632,Cuddington,53.2399,-2.5993,CUD
633,Cuffley,51.7087,-0.1098,CUF
634,Culham,51.6538,-1.2365,CUM
635,Culrain,57.9195,-4.4043,CUA
636,Cumbernauld,55.942,-3.9803,CUB
637,Cupar,56.317,-3.0088,CUP
638,Curriehill,55.9006,-3.3188,CUH
639,Cuxton,51.3739,0.4617,CUX
640,Cwmbach,51.7019,-3.4137,CMH
641,Cwmbran,51.6566,-3.0162,CWM
642,Cynghordy,52.0515,-3.7482,CYN
643,Dagenham Dock,51.5261,0.1461,DDK
644,Daisy Hill,53.5395,-2.5159,DSY
645,Dalgety Bay,56.0421,-3.3677,DAG
646,Dalmally,56.4012,-4.9836,DAL
647,Dalmarnock,55.8421,-4.2177,DAK
648,Dalmeny,55.9863,-3.3816,DAM
649,Dalmuir,55.9119,-4.4267,DMR
650,Dalreoch,55.9474,-4.5779,DLR
651,Dalry,55.7062,-4.7111,DLY
652,Dalston (Cumbria),54.8462,-2.9889,DLS
653,Dalston Junction,51.5461,-0.0751,DLJ
654,Dalston Kingsland,51.5481,-0.0757,DLK
655,Dalton (Cumbria),54.1542,-3.179,DLT
656,Dalwhinnie,56.9352,-4.2462,DLW
657,Danby,54.4662,-0.911,DNY
658,Danescourt,51.5005,-3.2339,DCT
659,Danzey,52.3248,-1.8209,DZY
660,Darlington,54.5204,-1.5473,DAR
661,Darnall,53.3846,-1.4126,DAN
662,Darsham,52.273,1.5235,DSM
663,Dartford,51.4474,0.2192,DFD
664,Darton,53.5884,-1.5317,DRT
665,Darwen,53.698,-2.4649,DWN
666,Datchet,51.4831,-0.5794,DAT
667,Davenport,53.3909,-2.153,DVN
668,Dawlish,50.5808,-3.4646,DWL
669,Dawlish Warren,50.5987,-3.4436,DWW
670,Deal,51.223,1.3988,DEA
671,Dean (Wilts),51.0425,-1.6349,DEN
672,Deansgate,53.4742,-2.2511,DGT
673,Deganwy,53.2948,-3.8334,DGY
674,Deighton,53.6685,-1.7519,DHN
675,Delamere,53.2288,-2.6666,DLM
676,Denby Dale,53.5726,-1.6632,DBD
677,Denham,51.5788,-0.4974,DNM
678,Denham Golf Club,51.5806,-0.5178,DGC
679,Denmark Hill,51.4682,-0.0894,DMK
680,Dent,54.2824,-2.3636,DNT
681,Denton,53.4569,-2.1317,DTN
682,Deptford,51.4788,-0.0263,DEP
683,Derby,52.9165,-1.4634,DBY
684,Derby Road (Ipswich),52.0506,1.1826,DBR
685,Devonport,50.3785,-4.1707,DPT
686,Dewsbury,53.6921,-1.6331,DEW
687,Didcot Parkway,51.611,-1.2429,DID
688,Digby and Sowton,50.714,-3.4736,DIG
689,Dilton Marsh,51.249,-2.2079,DMH
690,Dinas (Rhondda),51.6178,-3.4375,DMG
691,Dinas Powys,51.4317,-3.2184,DNS
692,Dingle Road,51.4401,-3.1806,DGL
693,Dingwall,57.5942,-4.4222,DIN
694,Dinsdale,54.5147,-1.4671,DND
695,Dinting,53.4493,-1.9703,DTG
696,Disley,53.3582,-2.0425,DSL
697,Diss,52.3737,1.1237,DIS
698,Dockyard (Devonport),50.3822,-4.1759,DOC
699,Dodworth,53.5443,-1.5317,DOD
700,Dolau,52.2954,-3.2636,DOL
701,Doleham,50.9186,0.61,DLH
702,Dolgarrog,53.1864,-3.8226,DLG
703,Dolwyddelan,53.052,-3.8851,DWD
704,Doncaster,53.5221,-1.1398,DON
705,Dorchester South,50.7093,-2.4372,DCH
706,Dorchester West,50.711,-2.4425,DCW
707,Dore and Totley,53.3276,-1.5153,DOR
708,Dorking,51.2409,-0.3243,DKG
709,Dorking (Deepdene),51.2388,-0.3246,DPD
710,Dorking West,51.2362,-0.34,DKT
711,Dormans,51.1558,-0.0043,DMS
712,Dorridge,52.3721,-1.7529,DDG
713,Dove Holes,53.3,-1.8898,DVH
714,Dover Priory,51.1257,1.3053,DVP
715,Dovercourt,51.9387,1.2806,DVC
716,Dovey Junction,52.5644,-3.9239,DVY
717,Downham Market,52.6041,0.3657,DOW
718,Drayton Green,51.5166,-0.3302,DRG
719,Drayton Park,51.5528,-0.1055,DYP
720,Drem,56.0051,-2.786,DRM
721,Driffield,54.0015,-0.4347,DRF
722,Drigg,54.377,-3.4434,DRI
723,Droitwich Spa,52.2682,-2.1584,DTW
724,Dronfield,53.3014,-1.4688,DRO
725,Drumchapel,55.9048,-4.3629,DMC
726,Drumfrochar,55.9413,-4.7748,DFR
727,Drumgelloch,55.8674,-3.9489,DRU
728,Drumry,55.9046,-4.3855,DMY
729,Duddeston,52.4884,-1.8714,DUD
730,Dudley Port,52.5247,-2.0495,DDP
731,Duffield,52.9884,-1.486,DFI
732,Duirinish,57.32,-5.6913,DRN
733,Duke Street,55.8584,-4.213,DST
734,Dullingham,52.2016,0.3667,DUL
735,Dumbarton Central,55.9467,-4.5669,DBC
736,Dumbarton East,55.9423,-4.5541,DBE
737,Dumbreck,55.8447,-4.3012,DUM
738,Dumfries,55.0726,-3.6043,DMF
739,Dumpton Park,51.3457,1.4258,DMP
740,Dunbar,55.9983,-2.5133,DUN
741,Dunblane,56.1859,-3.9655,DBL
742,Duncraig,57.337,-5.6371,DCG
743,Dundee,56.4565,-2.9712,DEE
744,Dunfermline Queen Margaret,56.0806,-3.4215,DFL
745,Dunfermline Town,56.0682,-3.4525,DFE
746,Dunkeld and Birnam,56.5571,-3.5784,DKD
747,Dunlop,55.7119,-4.5324,DNL
748,Dunrobin Castle,57.9855,-3.9489,DNO
749,Dunston,54.9501,-1.642,DOT
750,Dunton Green,51.2965,0.1709,DNG
751,Durham,54.7794,-1.5818,DHM
752,Durrington-On-Sea,50.8175,-0.4115,DUR
753,Dyce,57.2057,-2.1923,DYC
754,Dyffryn Ardudwy,52.7889,-4.1046,DYF
755,Eaglescliffe,54.5294,-1.3494,EAG
756,Ealing Broadway,51.5148,-0.3018,EAL
757,Earlestown,53.4511,-2.6377,ERL
758,Earley,51.4411,-0.918,EAR
759,Earlsfield,51.4423,-0.1877,EAD
760,Earlswood (Surrey),51.2273,-0.1708,ELD
761,Earlswood (West Midlands),52.3666,-1.8612,EWD
762,East Croydon,51.3755,-0.0928,ECR
763,East Didsbury,53.4093,-2.222,EDY
764,East Dulwich,51.4615,-0.0806,EDW
765,East Farleigh,51.2552,0.4847,EFL
766,East Garforth,53.792,-1.3705,EGF
767,East Grinstead,51.1263,-0.0179,EGR
768,East Kilbride,55.766,-4.1802,EKL
769,East Malling,51.2858,0.4393,EML
770,East Midlands Parkway,52.8625,-1.2632,EMD
771,East Tilbury,51.4848,0.4129,ETL
772,East Worthing,50.8216,-0.3549,EWR
773,Eastbourne,50.7694,0.2812,EBN
774,Eastbrook,51.4376,-3.2061,EBK
775,Easterhouse,55.8598,-4.1072,EST
776,Eastham Rake,53.3075,-2.9811,ERA
777,Eastleigh,50.9693,-1.3501,ESL
778,Eastrington,53.7552,-0.7876,EGN
779,Ebbsfleet International,51.443,0.3209,EBD
780,Ebbw Vale Parkway,51.7571,-3.1961,EBV
781,Ebbw Vale Town,51.7767,-3.2026,EBB
782,Eccles (Manchester),53.4854,-2.3345,ECC
783,Eccles Road,52.4709,0.9699,ECS
784,Eccleston Park,53.4308,-2.78,ECL
785,Edale,53.365,-1.8166,EDL
786,Eden Park,51.3901,-0.0264,EDN
787,Edenbridge Town,51.2001,0.0672,EBT
788,Edenbridge(Kent),51.2084,0.0606,EBR
789,Edge Hill,53.4026,-2.9465,EDG
790,Edinburgh,55.9524,-3.1882,EDB
791,Edinburgh Gateway,55.9409,-3.3203,EGY
792,Edinburgh Park,55.9276,-3.3077,EDP
793,Edmonton Green,51.6249,-0.0611,EDR
794,Effingham Junction,51.2915,-0.42,EFF
795,Eggesford,50.8877,-3.8747,EGG
796,Egham,51.4296,-0.5465,EGH
797,Egton,54.4375,-0.7615,EGT
798,Elephant and Castle,51.494,-0.0987,EPH
799,Elgin,57.6429,-3.3112,ELG
800,Ellesmere Port,53.2822,-2.8964,ELP
801,Elmers End,51.3985,-0.0496,ELE
802,Elmstead Woods,51.4171,0.0443,ESD
803,Elmswell,52.238,0.9126,ESW
804,Elsecar,53.4987,-1.4274,ELR
805,Elsenham (Essex),51.9205,0.2281,ESM
806,Elstree and Borehamwood,51.6531,-0.2801,ELS
807,Eltham,51.4556,0.0525,ELW
808,Elton and Orston,52.9521,-0.8555,ELO
809,Ely,52.3912,0.2668,ELY
810,Emerson Park,51.5686,0.2201,EMP
811,Emsworth,50.8516,-0.9384,EMS
812,Energlyn and Churchill Park,51.5832,-3.2288,ECP
813,Enfield Chase,51.6533,-0.0907,ENC
814,Enfield Lock,51.6709,-0.0285,ENL
815,Enfield Town,51.652,-0.0793,ENF
816,Entwistle,53.656,-2.4145,ENT
817,Epsom,51.3344,-0.2688,EPS
818,Epsom Downs,51.3237,-0.239,EPD
819,Erdington,52.5283,-1.8395,ERD
820,Eridge,51.089,0.2014,ERI
821,Erith,51.4817,0.1751,ERH
822,Esher,51.3799,-0.3533,ESH
823,Eskbank,55.8818,-3.0831,EKB
824,Essex Road,51.5407,-0.0963,EXR
825,Etchingham,51.0105,0.4424,ETC
826,Euston,51.5281,-0.1339,EUS
827,Euxton Balshaw Lane,53.6605,-2.672,EBA
828,Evesham,52.0984,-1.9473,EVE
829,Ewell East,51.3453,-0.2415,EWE
830,Ewell West,51.35,-0.257,EWW
831,Exeter Central,50.7265,-3.5333,EXC
832,Exeter St David's,50.7293,-3.5433,EXD
833,Exeter St Thomas,50.7172,-3.5388,EXT
834,Exhibition Centre (Glasgow),55.8616,-4.2836,EXG
835,Exmouth,50.6216,-3.415,EXM
836,Exton,50.6683,-3.4441,EXN
837,Eynsford,51.3627,0.2044,EYN
838,Fairbourne,52.696,-4.0494,FRB
839,Fairfield,53.4713,-2.1458,FRF
840,Fairlie,55.7519,-4.8533,FRL
841,Fairwater,51.4939,-3.2338,FRW
842,Falconwood,51.4592,0.0793,FCN
843,Falkirk Grahamston,56.0026,-3.785,FKG
844,Falkirk High,55.9918,-3.7922,FKK
845,Falls Of Cruachan,56.3939,-5.1125,FOC
846,Falmer,50.8621,-0.0874,FMR
847,Falmouth Docks,50.1507,-5.056,FAL
848,Falmouth Town,50.1483,-5.0649,FMT
849,Fareham,50.853,-1.192,FRM
850,Farnborough (Main),51.2966,-0.7557,FNB
851,Farnborough North,51.302,-0.743,FNN
852,Farncombe,51.1972,-0.6045,FNC
853,Farnham,51.2119,-0.7924,FNH
854,Farningham Road,51.4017,0.2355,FNR
855,Farnworth,53.55,-2.3878,FNW
856,Farringdon,51.5202,-0.1052,ZFD
857,Fauldhouse,55.8225,-3.7193,FLD
858,Faversham,51.3117,0.891,FAV
859,Faygate,51.0959,-0.263,FGT
860,Fazakerley,53.4691,-2.9367,FAZ
861,Fearn,57.7781,-3.9939,FRN
862,Featherstone,53.6791,-1.3584,FEA
863,Felixstowe,51.9671,1.3504,FLX
864,Feltham,51.4479,-0.4098,FEL
865,Fenchurch Street,51.5116,-0.0789,FST
866,Feniton,50.7867,-3.2854,FNT
867,Fenny Stratford,52.0001,-0.716,FEN
868,Fernhill,51.6865,-3.3959,FER
869,Ferriby,53.7172,-0.5078,FRY
870,Ferryside,51.7684,-4.3695,FYS
871,Ffairfach,51.8725,-3.9929,FFA
872,Filey,54.2099,-0.2938,FIL
873,Filton Abbey Wood,51.5049,-2.5624,FIT
874,Finchley Road and Frognal,51.5503,-0.1831,FNY
875,Finsbury Park,51.5643,-0.1063,FPK
876,Finstock,51.8528,-1.4693,FIN
877,Fishbourne (Sussex),50.8391,-0.8151,FSB
878,Fishersgate,50.8342,-0.2194,FSG
879,Fishguard and Goodwick,52.0041,-4.9948,FGW
880,Fishguard Harbour,52.0115,-4.9856,FGH
881,Fiskerton,53.0603,-0.9122,FSK
882,Fitzwilliam,53.6325,-1.3743,FZW
883,Five Ways,52.4711,-1.913,FWY
884,Fleet,51.2906,-0.8308,FLE
885,Flimby,54.6897,-3.5207,FLM
886,Flint,53.2495,-3.133,FLN
887,Flitwick,52.0036,-0.4953,FLT
888,Flixton,53.4438,-2.3842,FLI
889,Flowery Field,53.4619,-2.0811,FLF
890,Folkestone Central,51.0829,1.1695,FKC
891,Folkestone West,51.0846,1.1539,FKW
892,Ford,50.8294,-0.5784,FOD
893,Forest Gate,51.5494,0.0244,FOG
894,Forest Hill,51.4393,-0.0532,FOH
895,Formby,53.5535,-3.0709,FBY
896,Forres,57.6098,-3.626,FOR
897,Forsinard,58.3569,-3.8969,FRS
898,Fort Matilda,55.959,-4.7953,FTM
899,Fort William,56.8205,-5.1061,FTW
900,Four Oaks,52.5798,-1.828,FOK
901,Foxfield,54.2587,-3.2161,FOX
902,Foxton,52.1192,0.0563,FXN
903,Frant,51.104,0.2945,FRT
904,Fratton,50.7963,-1.074,FTN
905,Freshfield,53.5661,-3.0718,FRE
906,Freshford,51.342,-2.301,FFD
907,Frimley,51.3119,-0.747,FML
908,Frinton-on-Sea,51.8377,1.2432,FRI
909,Frizinghall,53.8204,-1.769,FZH
910,Frodsham,53.2958,-2.7236,FRD
911,Frome,51.2273,-2.31,FRO
912,Fulwell,51.4339,-0.3495,FLW
913,Furness Vale,53.3488,-1.9888,FNV
914,Furze Platt,51.533,-0.7285,FZP
915,Gainsborough Central,53.3996,-0.7697,GNB
916,Gainsborough Lea Road,53.3861,-0.7686,GBL
917,Galashiels,55.6184,-2.8069,GAL
918,Garelochhead,56.0799,-4.8257,GCH
919,Garforth,53.7966,-1.3823,GRF
920,Gargrave,53.9784,-2.1052,GGV
921,Garrowhill,55.8552,-4.1295,GAR
922,Garscadden,55.8877,-4.365,GRS
923,Garsdale,54.3214,-2.3264,GSD
924,Garston (Hertfordshire),51.6866,-0.3817,GSN
925,Garswood,53.4885,-2.6721,GSW
926,Gartcosh,55.8857,-4.0795,GRH
927,Garth (Bridgend County),51.5965,-3.6415,GMG
928,Garth (Powys),52.1332,-3.5299,GTH
929,Garve,57.613,-4.6884,GVE
930,Gathurst,53.5594,-2.6944,GST
931,Gatley,53.3929,-2.2312,GTY
932,Gatwick Airport,51.1565,-0.161,GTW
933,Georgemas Junction,58.5136,-3.4521,GGJ
934,Gerrards Cross,51.589,-0.5553,GER
935,Gidea Park,51.5819,0.206,GDP
936,Giffnock,55.804,-4.293,GFN
937,Giggleswick,54.0618,-2.3028,GIG
938,Gilberdyke,53.748,-0.7322,GBD
939,Gilfach Fargoed,51.6843,-3.2266,GFF
940,Gillingham (Dorset),51.034,-2.2726,GIL
941,Gillingham (Kent),51.3866,0.5498,GLM
942,Gilshochill,55.8973,-4.2827,GSC
943,Gipsy Hill,51.4245,-0.0838,GIP
944,Girvan,55.2463,-4.8484,GIR
945,Glaisdale,54.4394,-0.7938,GLS
946,Glan Conwy,53.2674,-3.7977,GCW
947,Glasgow Central,55.8598,-4.2576,GLC
948,Glasgow Queen Street,55.8622,-4.2515,GLQ
949,Glasshoughton,53.709,-1.342,GLH
950,Glazebrook,53.4284,-2.4597,GLZ
951,Gleneagles,56.2749,-3.7312,GLE
952,Glenfinnan,56.8724,-5.4496,GLF
953,Glengarnock,55.7389,-4.6745,GLG
954,Glenrothes with Thornton,56.1624,-3.143,GLT
955,Glossop,53.4445,-1.9491,GLO
956,Gloucester,51.8656,-2.2385,GCR
957,Glynde,50.8592,0.0701,GLY
958,Gobowen,52.8935,-3.0372,GOB
959,Godalming,51.1866,-0.6189,GOD
960,Godley,53.4517,-2.0548,GDL
961,Godstone,51.2182,-0.0501,GDN
962,Goldthorpe,53.5342,-1.3128,GOE
963,Golf Street,56.4978,-2.7195,GOF
964,Golspie,57.9715,-3.9872,GOL
965,Gomshall,51.2194,-0.4419,GOM
966,Goodmayes,51.5656,0.1108,GMY
967,Goole,53.7049,-0.8742,GOO
968,Goostrey,53.2226,-2.3265,GTR
969,Gordon Hill,51.6633,-0.0946,GDH
970,Gorebridge,55.8403,-3.0465,GBG
971,Goring and Streatley,51.5215,-1.133,GOR
972,Goring-By-Sea,50.8177,-0.4331,GBS
973,Gorton,53.4691,-2.1662,GTO
974,Gospel Oak,51.5553,-0.1508,GPO
975,Gourock,55.9623,-4.8167,GRK
976,Gowerton,51.6487,-4.0359,GWN
977,Goxhill,53.6767,-0.3371,GOX
978,Grange Park,51.6426,-0.0974,GPK
979,Grange-Over-Sands,54.1957,-2.9027,GOS
980,Grangetown (Cardiff),51.4676,-3.1897,GTN
981,Grantham,52.9065,-0.6425,GRA
982,Grateley,51.1701,-1.6208,GRT
983,Gravelly Hill,52.515,-1.8526,GVH
984,Gravesend,51.4413,0.3666,GRV
985,Grays,51.4762,0.3218,GRY
986,Great Ayton,54.4896,-1.1153,GTA
987,Great Bentley,51.8518,1.0652,GRB
988,Great Chesterford,52.0598,0.1935,GRC
989,Great Coates,53.5758,-0.1302,GCT
990,Great Malvern,52.1092,-2.3183,GMV
991,Great Missenden,51.7035,-0.7091,GMN
992,Great Yarmouth,52.6122,1.7209,GYM
993,Green Lane,53.3833,-3.0164,GNL
994,Green Road,54.2445,-3.2456,GNR
995,Greenbank,53.2515,-2.5343,GBK
996,Greenfaulds,55.9352,-3.9931,GRL
997,Greenfield,53.5389,-2.0138,GNF
998,Greenford,51.5423,-0.3458,GFD
999,Greenhithe for Bluewater,51.4504,0.2803,GNH
1000,Greenock Central,55.9453,-4.7526,GKC
1001,Greenock West,55.9473,-4.7678,GKW
1002,Greenwich,51.4781,-0.0133,GNW
1003,Gretna Green,55.001,-3.0652,GEA
1004,Grimsby Docks,53.5743,-0.0756,GMD
1005,Grimsby Town,53.5634,-0.087,GMB
1006,Grindleford,53.3056,-1.6263,GRN
1007,Grosmont,54.4361,-0.725,GMT
1008,Grove Park,51.4309,0.0217,GRP
1009,Guide Bridge,53.4746,-2.1137,GUI
1010,Guildford,51.237,-0.5804,GLD
1011,Guiseley,53.8759,-1.7151,GSY
1012,Gunnersbury,51.4917,-0.2753,GUN
1013,Gunnislake,50.5161,-4.2194,GSL
1014,Gunton,52.8663,1.3491,GNT
1015,Gwersyllt,53.0726,-3.0179,GWE
1016,Gypsy Lane,54.5329,-1.1794,GYP
1017,Habrough,53.6061,-0.2695,HAB
1018,Hackbridge,51.3779,-0.1539,HCB
1019,Hackney Central,51.5471,-0.0561,HKC
1020,Hackney Downs,51.5488,-0.0608,HAC
1021,Hackney Wick,51.5434,-0.0249,HKW
1022,Haddenham and Thame Parkway,51.7709,-0.9421,HDM
1023,Haddiscoe,52.5288,1.623,HAD
1024,Hadfield,53.4607,-1.9653,HDF
1025,Hadley Wood,51.6685,-0.1762,HDW
1026,Hag Fold,53.5339,-2.4948,HGF
1027,Haggerston,51.5387,-0.0757,HGG
1028,Hagley,52.4225,-2.1464,HAG
1029,Hairmyres,55.762,-4.22,HMY
1030,Hale (Manchester),53.3787,-2.3474,HAL
1031,Halesworth,52.3468,1.5057,HAS
1032,Halewood,53.3645,-2.8301,HED
1033,Halifax,53.721,-1.8536,HFX
1034,Hall Green,52.4369,-1.8457,HLG
1035,Hall Road,53.4975,-3.0496,HLR
1036,Hall-I'-Th'-Wood,53.5974,-2.4131,HID
1037,Halling,51.3525,0.4449,HAI
1038,Haltwhistle,54.9679,-2.4636,HWH
1039,Ham Street,51.0684,0.8545,HMT
1040,Hamble,50.8714,-1.3292,HME
1041,Hamilton Central,55.7732,-4.0389,HNC
1042,Hamilton West,55.7789,-4.0548,HNW
1043,Hammerton,53.9963,-1.2841,HMM
1044,Hampden Park (Sussex),50.7964,0.2794,HMD
1045,Hampstead Heath,51.5552,-0.1657,HDH
1046,Hampton,51.4159,-0.3721,HMP
1047,Hampton Court,51.4026,-0.3427,HMC
1048,Hampton Wick,51.4145,-0.3125,HMW
1049,Hampton-In-Arden,52.429,-1.6999,HIA
1050,Hamstead (Birmingham),52.5311,-1.929,HSD
1051,Hamworthy,50.7252,-2.0194,HAM
1052,Hanborough,51.8252,-1.3735,HND
1053,Handforth,53.3465,-2.2136,HTH
1054,Hanwell,51.5118,-0.3386,HAN
1055,Hapton,53.7816,-2.3169,HPN
1056,Harlech,52.8613,-4.1092,HRL
1057,Harlesden,51.5363,-0.2577,HDN
1058,Harling Road,52.4537,0.9091,HRD
1059,Harlington (Bedfordshire),51.9621,-0.4957,HLN
1060,Harlow Mill,51.7904,0.1323,HWM
1061,Harlow Town,51.7811,0.0951,HWN
1062,Harold Wood,51.5928,0.2331,HRO
1063,Harpenden,51.8146,-0.3515,HPD
1064,Harrietsham,51.2448,0.6724,HRM
1065,Harringay,51.5774,-0.1051,HGY
1066,Harringay Green Lanes,51.5772,-0.0981,HRY
1067,Harrington,54.6135,-3.5655,HRR
1068,Harrogate,53.9932,-1.5376,HGT
1069,Harrow and Wealdstone,51.5922,-0.3346,HRW
1070,Harrow-On-The-Hill,51.5792,-0.3372,HOH
1071,Hartford (Cheshire),53.2418,-2.5536,HTF
1072,Hartlebury,52.3345,-2.2211,HBY
1073,Hartlepool,54.6868,-1.2073,HPL
1074,Hartwood,55.8115,-3.8393,HTW
1075,Harwich International,51.9473,1.2551,HPQ
1076,Harwich Town,51.9441,1.2867,HWC
1077,Haslemere,51.0886,-0.7192,HSL
1078,Hassocks,50.9246,-0.146,HSK
1079,Hastings,50.8579,0.5767,HGS
1080,Hatch End,51.6094,-0.3686,HTE
1081,Hatfield (Herts),51.7639,-0.2156,HAT
1082,Hatfield and Stainforth,53.5887,-1.0234,HFS
1083,Hatfield Peverel,51.7799,0.5921,HAP
1084,Hathersage,53.3258,-1.6517,HSG
1085,Hattersley,53.4453,-2.0403,HTY
1086,Hatton,52.2953,-1.673,HTN
1087,Havant,50.8544,-0.9816,HAV
1088,Havenhouse,53.1145,0.2732,HVN
1089,Haverfordwest,51.8026,-4.9602,HVF
1090,Hawarden,53.1854,-3.0321,HWD
1091,Hawarden Bridge,53.2181,-3.0327,HWB
1092,Hawkhead,55.8422,-4.3989,HKH
1093,Haydon Bridge,54.9752,-2.2476,HDB
1094,Haydons Road,51.4254,-0.1888,HYR
1095,Hayes,51.3763,0.0106,HYS
1096,Hayes and Harlington,51.5031,-0.4207,HAY
1097,Hayle,50.1856,-5.4198,HYL
1098,Haymarket,55.9458,-3.2185,HYM
1099,Haywards Heath,51.0057,-0.1051,HHE
1100,Hazel Grove,53.3775,-2.122,HAZ
1101,Headcorn,51.1657,0.6275,HCN
1102,Headingley,53.818,-1.5942,HDY
1103,Headstone Lane,51.6026,-0.3572,HDL
1104,Heald Green,53.3694,-2.2367,HDG
1105,Healing,53.5818,-0.1606,HLI
1106,Heath High Level,51.5164,-3.1815,HHL
1107,Heath Low Level,51.5157,-3.182,HLL
1108,Heathrow Terminal 4,51.4583,-0.4455,HAF
1109,Heathrow Terminal 5,51.4701,-0.4906,HWV
1110,Heathrow Terminals 2 and 3 (Rail Station Only),51.4714,-0.4543,HXX
1111,Heaton Chapel,53.4256,-2.179,HTC
1112,Hebden Bridge,53.7376,-2.0091,HBD
1113,Heckington,52.9773,-0.2939,HEC
1114,Hedge End,50.9323,-1.2945,HDE
1115,Hednesford,52.7101,-2.0018,HNF
1116,Heighington,54.597,-1.5818,HEI
1117,Helensburgh Central,56.0042,-4.7328,HLC
1118,Helensburgh Upper,56.0124,-4.7298,HLU
1119,Hellifield,54.0109,-2.2278,HLD
1120,Helmsdale,58.1174,-3.6587,HMS
1121,Helsby,53.2752,-2.7712,HSB
1122,Hemel Hempstead,51.7423,-0.4908,HML
1123,Hendon,51.5801,-0.2387,HEN
1124,Hengoed,51.6474,-3.2241,HNG
1125,Henley-In-Arden,52.2915,-1.784,HNL
1126,Henley-On-Thames,51.5342,-0.9002,HOT
1127,Hensall,53.6985,-1.1145,HEL
1128,Hereford,52.0612,-2.7082,HFD
1129,Herne Bay,51.3646,1.1177,HNB
1130,Herne Hill,51.4533,-0.1023,HNH
1131,Hersham,51.3768,-0.39,HER
1132,Hertford East,51.799,-0.0729,HFE
1133,Hertford North,51.7989,-0.0918,HFN
1134,Hessle,53.7174,-0.4418,HES
1135,Heswall,53.3297,-3.0737,HSW
1136,Hever,51.1814,0.0951,HEV
1137,Heworth,54.9516,-1.5558,HEW
1138,Hexham,54.9735,-2.0948,HEX
1139,Heyford,51.9192,-1.2993,HYD
1140,Heysham Port,54.0331,-2.9131,HHB
1141,High Brooms,51.1494,0.2773,HIB
1142,High Street (Glasgow),55.8596,-4.2401,HST
1143,High Wycombe,51.6296,-0.7454,HWY
1144,Higham,51.4266,0.4663,HGM
1145,Highams Park,51.6083,-0.0002,HIP
1146,Highbridge and Burnham,51.2182,-2.9722,HIG
1147,Highbury and Islington,51.5462,-0.1038,HHY
1148,Hightown,53.5251,-3.0571,HTO
1149,Hildenborough,51.2145,0.2276,HLB
1150,Hillfoot,55.9201,-4.3203,HLF
1151,Hillington East,55.8542,-4.355,HLE
1152,Hillington West,55.856,-4.3716,HLW
1153,Hillside,53.6221,-3.0247,HIL
1154,Hilsea,50.8283,-1.0588,HLS
1155,Hinchley Wood,51.375,-0.3405,HYW
1156,Hinckley (Leics),52.535,-1.3719,HNK
1157,Hindley,53.5422,-2.5755,HIN
1158,Hinton Admiral,50.7526,-1.7141,HNA
1159,Hitchin,51.9533,-0.2635,HIT
1160,Hither Green,51.452,-0.0009,HGR
1161,Hockley,51.6036,0.659,HOC
1162,Hollingbourne,51.2652,0.6278,HBN
1163,Holmes Chapel,53.1989,-2.3511,HCH
1164,Holmwood,51.1812,-0.3208,HLM
1165,Holton Heath,50.7114,-2.0778,HOL
1166,Holyhead,53.3077,-4.631,HHD
1167,Holytown,55.8129,-3.9739,HLY
1168,Homerton,51.547,-0.0424,HMN
1169,Honeybourne,52.1016,-1.8337,HYB
1170,Honiton,50.7966,-3.1867,HON
1171,Honley,53.6082,-1.781,HOY
1172,Honor Oak Park,51.45,-0.0455,HPA
1173,Hook,51.28,-0.9616,HOK
1174,Hooton,53.2972,-2.977,HOO
1175,Hope (Derbyshire),53.3461,-1.7299,HOP
1176,Hope (Flintshire),53.1174,-3.0369,HPE
1177,Hopton Heath,52.3914,-2.9121,HPT
1178,Horley,51.1688,-0.1611,HOR
1179,Hornbeam Park,53.9799,-1.5268,HBP
1180,Hornsey,51.5865,-0.112,HRN
1181,Horsforth,53.8477,-1.6302,HRS
1182,Horsham,51.0661,-0.3193,HRH
1183,Horsley,51.2793,-0.4354,HSY
1184,Horton-In-Ribblesdale,54.1494,-2.302,HIR
1185,Horwich Parkway,53.5781,-2.5397,HWI
1186,Hoscar,53.5978,-2.8044,HSC
1187,Hough Green,53.3724,-2.7751,HGN
1188,Hounslow,51.4619,-0.3623,HOU
1189,Hove,50.8352,-0.1707,HOV
1190,Hoveton and Wroxham,52.7156,1.408,HXM
1191,How Wood (Hertfordshire),51.7177,-0.3447,HWW
1192,Howden,53.7647,-0.8605,HOW
1193,Howwood (Renfrewshire),55.8106,-4.5631,HOZ
1194,Hoxton,51.5315,-0.0757,HOX
1195,Hoylake,53.3902,-3.1788,HYK
1196,Hubberts Bridge,52.9754,-0.1105,HBB
1197,Hucknall,53.0383,-1.1958,HKN
1198,Huddersfield,53.6485,-1.7847,HUD
1199,Hull,53.7441,-0.3457,HUL
1200,Humphrey Park,53.4522,-2.3275,HUP
1201,Huncoat,53.7718,-2.3476,HCT
1202,Hungerford,51.4149,-1.5123,HGD
1203,Hunmanby,54.1739,-0.3146,HUB
1204,Huntingdon,52.3286,-0.1921,HUN
1205,Huntly,57.4445,-2.7757,HNT
1206,Hunts Cross,53.3607,-2.8559,HNX
1207,Hurst Green,51.2444,0.0039,HUR
1208,Hutton Cranswick,53.9559,-0.4339,HUT
1209,Huyton,53.4097,-2.843,HUY
1210,Hyde Central,53.4519,-2.0853,HYC
1211,Hyde North,53.4648,-2.0855,HYT
1212,Hykeham,53.195,-0.6002,HKM
1213,Hyndland,55.8798,-4.3147,HYN
1214,Hythe (Essex),51.8856,0.9275,HYH
1215,Ifield,51.1156,-0.2148,IFI
1216,Ilford,51.5591,0.0697,IFD
1217,Ilkeston,52.9796,-1.2949,ILN
1218,Ilkley,53.9248,-1.822,ILK
1219,Imperial Wharf,51.4749,-0.1828,IMW
1220,Ince (Manchester),53.5389,-2.6115,INC
1221,Ince and Elton (Cheshire),53.2766,-2.8165,INE
1222,Ingatestone,51.667,0.3842,INT
1223,Insch,57.3375,-2.6171,INS
1224,Invergordon,57.689,-4.1748,IGD
1225,Invergowrie,56.4565,-3.0574,ING
1226,Inverkeithing,56.0347,-3.3962,INK
1227,Inverkip,55.9061,-4.8726,INP
1228,Inverness,57.4799,-4.2234,INV
1229,Invershin,57.9249,-4.3995,INH
1230,Inverurie,57.2863,-2.3736,INR
1231,Ipswich,52.0506,1.1444,IPS
1232,Irlam,53.4343,-2.4332,IRL
1233,Irvine,55.6109,-4.6751,IRV
1234,Isleworth,51.4748,-0.3369,ISL
1235,Islip,51.8258,-1.2382,ISP
1236,Iver,51.5085,-0.5067,IVR
1237,Ivybridge,50.3934,-3.9042,IVY
1238,James Cook University Hospital,54.552,-1.2086,JCH
1239,Jewellery Quarter,52.4894,-1.9132,JEQ
1240,Johnston (Pembs),51.7568,-4.9963,JOH
1241,Johnstone (Renfrewshire),55.8347,-4.5036,JHN
1242,Jordanhill,55.8827,-4.3249,JOR
1243,Kearsley (Manchester),53.5441,-2.3751,KSL
1244,Kearsney (Kent),51.1494,1.2721,KSN
1245,Keighley,53.868,-1.9016,KEI
1246,Keith,57.5509,-2.9541,KEH
1247,Kelvedon,51.8407,0.7024,KEL
1248,Kelvindale,55.8936,-4.3096,KVD
1249,Kemble,51.677,-2.0228,KEM
1250,Kempston Hardwick,52.0922,-0.5039,KMH
1251,Kempton Park Racecourse,51.421,-0.4098,KMP
1252,Kemsing,51.2972,0.2474,KMS
1253,Kemsley,51.3624,0.7354,KML
1254,Kendal,54.3321,-2.7396,KEN
1255,Kenilworth,52.3427,-1.5727,KNW
1256,Kenley,51.3248,-0.1009,KLY
1257,Kennett,52.2773,0.4905,KNE
1258,Kennishead,55.8133,-4.3252,KNS
1259,Kensal Green,51.5305,-0.2251,KNL
1260,Kensal Rise,51.5346,-0.22,KNR
1261,Kensington (Olympia),51.4979,-0.2104,KPA
1262,Kent House,51.4122,-0.0452,KTH
1263,Kentish Town,51.5505,-0.1404,KTN
1264,Kentish Town West,51.5465,-0.1467,KTW
1265,Kenton,51.5818,-0.317,KNT
1266,Kents Bank,54.1729,-2.9252,KBK
1267,Kettering,52.3936,-0.7316,KET
1268,Kew Bridge,51.4895,-0.2871,KWB
1269,Kew Gardens,51.4771,-0.2851,KWG
1270,Keyham,50.3899,-4.1796,KEY
1271,Keynsham,51.418,-2.4956,KYN
1272,Kidbrooke,51.4621,0.0275,KDB
1273,Kidderminster,52.3845,-2.2385,KID
1274,Kidsgrove,53.0866,-2.2448,KDG
1275,Kidwelly,51.7343,-4.317,KWL
1276,Kilburn High Road,51.5373,-0.1922,KBN
1277,Kildale,54.4778,-1.0681,KLD
1278,Kildonan,58.1708,-3.8691,KIL
1279,Kilgetty,51.7321,-4.7152,KGT
1280,Kilmarnock,55.6121,-4.4987,KMK
1281,Kilmaurs,55.6372,-4.5305,KLM
1282,Kilpatrick,55.9247,-4.4534,KPT
1283,Kilwinning,55.656,-4.71,KWN
1284,Kinbrace,58.2583,-3.9412,KBC
1285,King's Cross,51.5309,-0.1229,KGX
1286,Kingham,51.9023,-1.6288,KGM
1287,Kinghorn,56.0693,-3.1742,KGH
1288,Kings Langley,51.7064,-0.4384,KGL
1289,Kings Lynn,52.7539,0.4034,KLN
1290,Kings Norton,52.4143,-1.9323,KNN
1291,Kings Nympton,50.9361,-3.9054,KGN
1292,Kings Park,55.8195,-4.2465,KGP
1293,Kings Sutton,52.0214,-1.2809,KGS
1294,Kingsknowe,55.9188,-3.265,KGE
1295,Kingston,51.4128,-0.3012,KNG
1296,Kingswood,51.2947,-0.2112,KND
1297,Kingussie,57.0778,-4.0522,KIN
1298,Kintbury,51.4025,-1.446,KIT
1299,Kirby Cross,51.8414,1.215,KBX
1300,Kirk Sandall,53.5639,-1.0741,KKS
1301,Kirkby (Merseyside),53.4862,-2.9028,KIR
1302,Kirkby Stephen,54.4549,-2.3686,KSW
1303,Kirkby-in-Ashfield,53.1001,-1.2531,KKB
1304,Kirkby-In-Furness,54.2327,-3.1874,KBF
1305,Kirkcaldy,56.1121,-3.167,KDY
1306,Kirkconnel,55.3883,-3.9985,KRK
1307,Kirkdale,53.4409,-2.9811,KKD
1308,Kirkham and Wesham,53.7869,-2.8829,KKM
1309,Kirkhill,55.8139,-4.1671,KKH
1310,Kirknewton,55.8887,-3.4325,KKN
1311,Kirkstall Forge,53.8237,-1.6225,KLF
1312,Kirkwood,55.8542,-4.0484,KWD
1313,Kirton Lindsey,53.4848,-0.5939,KTL
1314,Kiveton Bridge,53.341,-1.2672,KIV
1315,Kiveton Park,53.3367,-1.2398,KVP
1316,Knaresborough,54.009,-1.4704,KNA
1317,Knebworth,51.8669,-0.1873,KBW
1318,Knighton,52.3451,-3.0422,KNI
1319,Knockholt,51.3458,0.1308,KCK
1320,Knottingley,53.7065,-1.2592,KNO
1321,Knucklas,52.3599,-3.0969,KNU
1322,Knutsford,53.3018,-2.3718,KNF
1323,Kyle Of Lochalsh,57.2798,-5.7138,KYL
1324,Ladybank,56.2738,-3.1223,LDY
1325,Ladywell,51.4562,-0.019,LAD
1326,Laindon,51.5675,0.4243,LAI
1327,Lairg,58.0018,-4.3999,LRG
1328,Lake,50.6465,-1.1663,LKE
1329,Lakenheath,52.4474,0.5352,LAK
1330,Lamphey,51.6672,-4.8733,LAM
1331,Lanark,55.6736,-3.7733,LNK
1332,Lancaster,54.0487,-2.8075,LAN
1333,Lancing,50.8271,-0.3231,LAC
1334,Landywood,52.6565,-2.0207,LAW
1335,Langbank,55.9245,-4.5853,LGB
1336,Langho,53.8048,-2.4487,LHO
1337,Langley,51.5081,-0.5418,LNY
1338,Langley Green,52.4939,-2.005,LGG
1339,Langley Mill,53.0181,-1.3312,LGM
1340,Langside,55.8211,-4.2773,LGS
1341,Langwathby,54.6944,-2.6637,LGW
1342,Langwith-Whaley Thorns,53.2318,-1.2093,LAG
1343,Lapford,50.857,-3.8106,LAP
1344,Lapworth,52.3423,-1.7257,LPW
1345,Larbert,56.0227,-3.8306,LBT
1346,Largs,55.7927,-4.8672,LAR
1347,Larkhall,55.7386,-3.9755,LRH
1348,Laurencekirk,56.8363,-2.4659,LAU
1349,Lawrence Hill,51.458,-2.5644,LWH
1350,Layton (Lancs),53.8353,-3.03,LAY
1351,Lazonby and Kirkoswald,54.7504,-2.7032,LZB
1352,Lea Bridge,51.5665,-0.0367,LEB
1353,Lea Green,53.4268,-2.725,LEG
1354,Lea Hall,52.4806,-1.786,LEH
1355,Leagrave,51.9052,-0.4585,LEA
1356,Lealholm,54.4606,-0.8257,LHM
1357,Leamington Spa,52.2845,-1.5362,LMS
1358,Leasowe,53.408,-3.0996,LSW
1359,Leatherhead,51.2988,-0.3332,LHD
1360,Ledbury,52.0453,-2.4259,LED
1361,Lee,51.4498,0.0135,LEE
1362,Leeds,53.7956,-1.548,LDS
1363,Leicester,52.6314,-1.1253,LEI
1364,Leigh (Kent),51.1939,0.2105,LIH
1365,Leigh-On-Sea,51.5413,0.6404,LES
1366,Leighton Buzzard,51.9163,-0.677,LBZ
1367,Lelant,50.1841,-5.4365,LEL
1368,Lelant Saltings,50.1788,-5.4409,LTS
1369,Lenham,51.2345,0.7078,LEN
1370,Lenzie,55.9213,-4.1539,LNZ
1371,Leominster,52.2257,-2.7303,LEO
1372,Letchworth Garden City,51.98,-0.2293,LET
1373,Leuchars (For St. Andrews),56.3751,-2.8937,LEU
1374,Levenshulme,53.4442,-2.1927,LVM
1375,Lewes,50.8706,0.0113,LWS
1376,Lewisham,51.4657,-0.014,LEW
1377,Leyland,53.6989,-2.6871,LEY
1378,Leyton Midland Road,51.5697,-0.0081,LEM
1379,Leytonstone High Road,51.5636,0.0084,LER
1380,Lichfield City,52.6801,-1.8254,LIC
1381,Lichfield Trent Valley,52.6869,-1.8002,LTV
1382,Lidlington,52.0415,-0.5589,LID
1383,Limehouse,51.5125,-0.0398,LHS
1384,Lincoln,53.2261,-0.5399,LCN
1385,Lingfield,51.1765,-0.0072,LFD
1386,Lingwood,52.6221,1.4899,LGD
1387,Linlithgow,55.9765,-3.5959,LIN
1388,Liphook,51.0713,-0.8002,LIP
1389,Liskeard,50.4469,-4.4696,LSK
1390,Liss,51.0436,-0.8929,LIS
1391,Lisvane and Thornhill,51.5446,-3.1856,LVT
1392,Little Kimble,51.7522,-0.8085,LTK
1393,Little Sutton,53.2855,-2.9433,LTT
1394,Littleborough,53.643,-2.0947,LTL
1395,Littlehampton,50.8101,-0.546,LIT
1396,Littlehaven,51.0798,-0.308,LVN
1397,Littleport,52.4624,0.3166,LTP
1398,Liverpool Central,53.4046,-2.9792,LVC
1399,Liverpool James Street,53.4048,-2.992,LVJ
1400,Liverpool Lime Street,53.4073,-2.9777,LIV
1401,Liverpool South Parkway,53.3577,-2.8891,LPY
1402,Liverpool Street,51.518,-0.0814,LST
1403,Livingston North,55.9014,-3.5444,LSN
1404,Livingston South,55.8717,-3.5016,LVG
1405,Llanaber,52.7415,-4.0772,LLA
1406,Llanbedr,52.8209,-4.1102,LBR
1407,Llanbister Road,52.3364,-3.2134,LLT
1408,Llanbradach,51.6033,-3.233,LNB
1409,Llandaf,51.5084,-3.2286,LLN
1410,Llandanwg,52.8362,-4.1239,LDN
1411,Llandecwyn,52.9207,-4.057,LLC
1412,Llandeilo,51.8853,-3.9869,LLL
1413,Llandovery,51.9953,-3.8028,LLV
1414,Llandrindod,52.2424,-3.3791,LLO
1415,Llandudno,53.3209,-3.827,LLD
1416,Llandudno Junction,53.2839,-3.8091,LLJ
1417,Llandybie,51.821,-4.0036,LLI
1418,Llanelli,51.6739,-4.1613,LLE
1419,Llanfairfechan,53.2573,-3.9832,LLF
1420,Llanfairpwll,53.221,-4.2092,LPG
1421,Llangadog,51.9402,-3.8931,LLG
1422,Llangammarch,52.1143,-3.5548,LLM
1423,Llangennech,51.6911,-4.0789,LLH
1424,Llangynllo,52.3496,-3.1614,LGO
1425,Llanharan,51.5376,-3.4408,LLR
1426,Llanhilleth,51.7003,-3.1352,LTH
1427,Llanishen,51.5327,-3.182,LLS
1428,Llanrwst,53.1389,-3.7944,LWR
1429,Llansamlet,51.6615,-3.8847,LAS
1430,Llantwit Major,51.4098,-3.4816,LWM
1431,Llanwrda,51.9626,-3.8717,LNR
1432,Llanwrtyd,52.1047,-3.6322,LNW
1433,Llwyngwril,52.6668,-4.0877,LLW
1434,Llwynypia,51.634,-3.4535,LLY
1435,Loch Awe,56.402,-5.042,LHA
1436,Loch Eil Outward Bound,56.8553,-5.1916,LHE
1437,Lochailort,56.881,-5.6634,LCL
1438,Locheilside,56.8554,-5.29,LCS
1439,Lochgelly,56.1353,-3.3129,LCG
1440,Lochluichart,57.6218,-4.8091,LCC
1441,Lochwinnoch,55.7872,-4.6161,LHW
1442,Lockerbie,55.1231,-3.3535,LOC
1443,Lockwood,53.6347,-1.8008,LCK
1444,London Bridge,51.505,-0.0861,LBG
1445,London Fields,51.5412,-0.0578,LOF
1446,London Road (Brighton),50.8367,-0.1365,LRB
1447,London Road (Guildford),51.2406,-0.5651,LRD
1448,Long Buckby,52.2947,-1.0865,LBK
1449,Long Eaton,52.885,-1.2875,LGE
1450,Long Preston,54.0168,-2.2556,LPR
1451,Longbeck,54.5892,-1.0305,LGK
1452,Longbridge,52.3964,-1.9813,LOB
1453,Longcross,51.3852,-0.5946,LNG
1454,Longfield,51.3962,0.3004,LGF
1455,Longniddry,55.9765,-2.8883,LND
1456,Longport,53.0419,-2.2164,LPT
1457,Longton,52.99,-2.137,LGN
1458,Looe,50.3592,-4.4562,LOO
1459,Lostock,53.5729,-2.4943,LOT
1460,Lostock Gralam,53.2677,-2.4652,LTG
1461,Lostock Hall,53.7242,-2.6875,LOH
1462,Lostwithiel,50.4072,-4.666,LOS
1463,Loughborough,52.779,-1.1959,LBO
1464,Loughborough Junction,51.4663,-0.1022,LGJ
1465,Low Moor,53.7499,-1.7534,LMR
1466,Lowdham,53.0063,-0.9984,LOW
1467,Lower Sydenham,51.4248,-0.0333,LSY
1468,Lowestoft,52.4744,1.7497,LWT
1469,Ludlow,52.3713,-2.7162,LUD
1470,Luton,51.8823,-0.414,LUT
1471,Luton Airport Parkway,51.8724,-0.3959,LTN
1472,Luxulyan,50.39,-4.7474,LUX
1473,Lydney,51.7141,-2.5309,LYD
1474,Lye (West Midlands),52.4599,-2.1159,LYE
1475,Lymington Pier,50.7583,-1.5294,LYP
1476,Lymington Town,50.7609,-1.5372,LYT
1477,Lympstone Commando,50.6622,-3.4408,LYC
1478,Lympstone Village,50.6483,-3.431,LYM
1479,Lytham,53.7393,-2.964,LTM
1480,Macclesfield,53.2593,-2.122,MAC
1481,Machynlleth,52.5951,-3.8545,MCN
1482,Maesteg,51.6099,-3.6546,MST
1483,Maesteg (Ewenny Road),51.6053,-3.649,MEW
1484,Maghull,53.5065,-2.9309,MAG
1485,Maghull North,53.5167,-2.9213,MNS
1486,Maiden Newton,50.78,-2.5694,MDN
1487,Maidenhead,51.5187,-0.7227,MAI
1488,Maidstone Barracks,51.2772,0.514,MDB
1489,Maidstone East,51.2778,0.5213,MDE
1490,Maidstone West,51.2705,0.5158,MDW
1491,Malden Manor,51.3847,-0.2613,MAL
1492,Mallaig,57.006,-5.8296,MLG
1493,Malton,54.1321,-0.7972,MLT
1494,Malvern Link,52.1255,-2.3195,MVL
1495,Manchester Airport,53.365,-2.273,MIA
1496,Manchester Oxford Road,53.474,-2.242,MCO
1497,Manchester Piccadilly,53.4774,-2.2309,MAN
1498,Manchester United Football Ground,53.4622,-2.2907,MUF
1499,Manchester Victoria,53.4875,-2.2426,MCV
1500,Manea,52.4978,0.1777,MNE
1501,Manningtree,51.949,1.0452,MNG
1502,Manor Park,51.5525,0.0463,MNP
1503,Manor Road,53.3948,-3.1714,MNR
1504,Manorbier,51.6602,-4.7918,MRB
1505,Manors,54.9728,-1.6047,MAS
1506,Mansfield,53.1421,-1.1984,MFT
1507,Mansfield Woodhouse,53.1636,-1.2018,MSW
1508,March,52.5599,0.0912,MCH
1509,Marden (Kent),51.1752,0.4932,MRN
1510,Margate,51.3854,1.372,MAR
1511,Market Harborough,52.4797,-0.9093,MHR
1512,Market Rasen,53.3839,-0.3369,MKR
1513,Markinch,56.201,-3.1308,MNC
1514,Marks Tey,51.8809,0.7833,MKT
1515,Marlow,51.571,-0.7664,MLW
1516,Marple,53.4007,-2.0573,MPL
1517,Marsden (Yorks),53.6032,-1.9308,MSN
1518,Marske,54.5874,-1.0189,MSK
1519,Marston Green,52.4672,-1.7556,MGN
1520,Martin Mill,51.1707,1.3482,MTM
1521,Martins Heron,51.4074,-0.7244,MAO
1522,Marton,54.5443,-1.1985,MTO
1523,Maryhill,55.8976,-4.3007,MYH
1524,Maryland,51.5461,0.0058,MYL
1525,Marylebone,51.5225,-0.1629,MYB
1526,Maryport,54.7113,-3.4941,MRY
1527,Matlock,53.1384,-1.5589,MAT
1528,Matlock Bath,53.1224,-1.5568,MTB
1529,Mauldeth Road,53.4331,-2.2093,MAU
1530,Maxwell Park,55.8377,-4.2887,MAX
1531,Maybole,55.3547,-4.6853,MAY
1532,Maze Hill,51.4826,0.0029,MZH
1533,Meadowhall,53.4175,-1.4129,MHS
1534,Meldreth,52.0907,0.0089,MEL
1535,Melksham,51.3798,-2.1445,MKM
1536,Melton (Suffolk),52.1044,1.3382,MES
1537,Melton Mowbray,52.761,-0.8859,MMO
1538,Menheniot,50.4262,-4.4092,MEN
1539,Menston,53.8923,-1.7355,MNN
1540,Meols,53.3994,-3.1543,MEO
1541,Meols Cop,53.6463,-2.9758,MEC
1542,Meopham,51.3864,0.357,MEP
1543,Meridian Water,51.6083,-0.051,MRW
1544,Merryton,55.7487,-3.9783,MEY
1545,Merstham,51.2642,-0.1502,MHM
1546,Merthyr Tydfil,51.7446,-3.3773,MER
1547,Merthyr Vale,51.6866,-3.3366,MEV
1548,Metheringham,53.1389,-0.3915,MGM
1549,MetroCentre,54.9588,-1.6656,MCE
1550,Mexborough,53.491,-1.2886,MEX
1551,Micheldever,51.1824,-1.2607,MIC
1552,Micklefield,53.7888,-1.3268,MIK
1553,Middlesbrough,54.5791,-1.2347,MBR
1554,Middlewood,53.36,-2.0834,MDL
1555,Midgham,51.396,-1.1777,MDG
1556,Milford (Surrey),51.1633,-0.6369,MLF
1557,Milford Haven,51.715,-5.041,MFH
1558,Mill Hill (Lancs),53.7355,-2.5017,MLH
1559,Mill Hill Broadway,51.6131,-0.2492,MIL
1560,Millbrook (Bedfordshire),52.0538,-0.5327,MLB
1561,Millbrook (Hants),50.9115,-1.4338,MBK
1562,Milliken Park,55.8251,-4.5334,MIN
1563,Millom,54.2108,-3.2711,MLM
1564,Mills Hill (Manchester),53.5513,-2.1715,MIH
1565,Milngavie,55.9414,-4.3146,MLN
1566,Milton Keynes Central,52.0343,-0.7741,MKC
1567,Minffordd,52.9261,-4.085,MFF
1568,Minster,51.3292,1.3172,MSR
1569,Mirfield,53.6714,-1.6925,MIR
1570,Mistley,51.9436,1.0814,MIS
1571,Mitcham Eastfields,51.4077,-0.1546,MTC
1572,Mitcham Junction,51.3929,-0.1578,MIJ
1573,Mobberley,53.3291,-2.3337,MOB
1574,Monifieth,56.4801,-2.8182,MON
1575,Monks Risborough,51.7358,-0.8293,MRS
1576,Montpelier,51.4684,-2.5887,MTP
1577,Montrose,56.7128,-2.4721,MTS
1578,Moorfields,53.4086,-2.9892,MRF
1579,Moorgate,51.5185,-0.0889,MOG
1580,Moorside,53.5163,-2.3518,MSD
1581,Moorthorpe,53.595,-1.3049,MRP
1582,Morar,56.9697,-5.8219,MRR
1583,Morchard Road,50.8319,-3.7764,MRD
1584,Morden South,51.3961,-0.1995,MDS
1585,Morecambe,54.0703,-2.8693,MCM
1586,Moreton (Dorset),50.701,-2.3134,MTN
1587,Moreton (Merseyside),53.4072,-3.1135,MRT
1588,Moreton-In-Marsh,51.9923,-1.7004,MIM
1589,Morfa Mawddach,52.7071,-4.0322,MFA
1590,Morley,53.7499,-1.591,MLY
1591,Morpeth,55.1624,-1.6831,MPT
1592,Mortimer,51.3721,-1.0355,MOR
1593,Mortlake,51.4681,-0.2671,MTL
1594,Moses Gate,53.556,-2.4012,MSS
1595,Moss Side,53.765,-2.9429,MOS
1596,Mossley (Manchester),53.515,-2.0413,MSL
1597,Mossley Hill,53.379,-2.9154,MSH
1598,Mosspark,55.8408,-4.3483,MPK
1599,Moston,53.5234,-2.171,MSO
1600,Motherwell,55.7917,-3.9943,MTH
1601,Motspur Park,51.3952,-0.2395,MOT
1602,Mottingham,51.4402,0.0501,MTG
1603,Mottisfont and Dunbridge,51.0339,-1.5471,DBG
1604,Mouldsworth,53.2318,-2.7322,MLD
1605,Moulsecoomb,50.8467,-0.1188,MCB
1606,Mount Florida,55.8266,-4.2611,MFL
1607,Mount Vernon,55.8402,-4.1337,MTV
1608,Mountain Ash,51.6813,-3.3763,MTA
1609,Muir Of Ord,57.5179,-4.4602,MOO
1610,Muirend,55.8095,-4.2744,MUI
1611,Musselburgh,55.9336,-3.0732,MUB
1612,Mytholmroyd,53.729,-1.9814,MYT
1613,Nafferton,54.0112,-0.3861,NFN
1614,Nailsea and Backwell,51.4194,-2.7506,NLS
1615,Nairn,57.5803,-3.872,NRN
1616,Nantwich,53.0636,-2.519,NAN
1617,Narberth,51.7994,-4.7272,NAR
1618,Narborough,52.5713,-1.2033,NBR
1619,Navigation Road,53.3954,-2.3434,NVR
1620,Neath,51.6624,-3.8072,NTH
1621,Needham Market,52.1526,1.0553,NMT
1622,Neilston,55.783,-4.427,NEI
1623,Nelson,53.835,-2.2138,NEL
1624,Neston,53.2919,-3.0631,NES
1625,Netherfield,52.9614,-1.0798,NET
1626,Nethertown,54.4564,-3.5658,NRT
1627,Netley,50.8749,-1.3419,NTL
1628,New Barnet,51.6486,-0.173,NBA
1629,New Beckenham,51.4168,-0.0353,NBC
1630,New Brighton,53.4374,-3.048,NBN
1631,New Clee,53.5744,-0.0608,NCE
1632,New Cross,51.498,-0.0497,NWX
1633,New Cross Gate,51.4751,-0.0404,NXG
1634,New Cumnock,55.4027,-4.1843,NCK
1635,New Eltham,51.4381,0.0705,NEH
1636,New Holland,53.7019,-0.3602,NHL
1637,New Hythe,51.313,0.4549,NHE
1638,New Lane,53.6117,-2.8677,NLN
1639,New Malden,51.4041,-0.2559,NEM
1640,New Mills Central,53.3648,-2.0057,NMC
1641,New Mills Newtown,53.3596,-2.0085,NMN
1642,New Milton,50.7558,-1.6578,NWM
1643,New Pudsey,53.8045,-1.6808,NPD
1644,New Southgate,51.6141,-0.143,NSG
1645,Newark Castle,53.08,-0.8132,NCT
1646,Newark North Gate,53.0818,-0.7999,NNG
1647,Newbridge,51.6658,-3.1429,NBE
1648,Newbury,51.3976,-1.3229,NBY
1649,Newbury Racecourse,51.3985,-1.3078,NRC
1650,Newcastle,54.9684,-1.6173,NCL
1651,Newcourt,50.705,-3.4728,NCO
1652,Newcraighall,55.9331,-3.0908,NEW
1653,Newhaven Harbour,50.7898,0.055,NVH
1654,Newhaven Town,50.7949,0.0549,NVN
1655,Newington,51.3533,0.6686,NGT
1656,Newmarket,52.2379,0.4062,NMK
1657,Newport (Essex),51.9799,0.2151,NWE
1658,Newport (South Wales),51.5888,-3.0005,NWP
1659,Newquay,50.4151,-5.0757,NQY
1660,Newstead,53.07,-1.2218,NSD
1661,Newton (Lanark),55.8188,-4.1331,NTN
1662,Newton Abbot,50.5296,-3.5992,NTA
1663,Newton Aycliffe,54.6137,-1.5896,NAY
1664,Newton For Hyde,53.4564,-2.0671,NWN
1665,Newton St Cyres,50.7789,-3.5894,NTC
1666,Newton-Le-Willows,53.4531,-2.6136,NLW
1667,Newton-On-Ayr,55.4741,-4.6258,NOA
1668,Newtongrange,55.867,-3.0694,NEG
1669,Newtonmore,57.0592,-4.1191,NWR
1670,Newtown (Powys),52.5123,-3.3114,NWT
1671,Ninian Park,51.4766,-3.2017,NNP
1672,Nitshill,55.8119,-4.36,NIT
1673,Norbiton,51.4124,-0.284,NBT
1674,Norbury,51.4114,-0.1219,NRB
1675,Normans Bay,50.8261,0.3895,NSB
1676,Normanton,53.7005,-1.4234,NOR
1677,North Berwick,56.057,-2.7307,NBW
1678,North Camp,51.2758,-0.7312,NCM
1679,North Dulwich,51.4545,-0.0879,NDL
1680,North Fambridge,51.6486,0.6817,NFA
1681,North Llanrwst,53.1438,-3.8027,NLR
1682,North Queensferry,56.0125,-3.3946,NQU
1683,North Road (Darlington),54.5362,-1.5539,NRD
1684,North Sheen,51.4652,-0.2879,NSH
1685,North Walsham,52.8169,1.3845,NWA
1686,North Wembley,51.5626,-0.304,NWB
1687,Northallerton,54.3331,-1.4413,NTR
1688,Northampton,52.2375,-0.9067,NMP
1689,Northfield,52.4082,-1.9659,NFD
1690,Northfleet,51.4458,0.3243,NFL
1691,Northolt Park,51.5575,-0.3595,NLT
1692,Northumberland Park,51.602,-0.0539,NUM
1693,Northwich,53.2615,-2.4969,NWI
1694,Norwich,52.6271,1.3068,NRW
1695,Norwood Junction,51.397,-0.0752,NWD
1696,Nottingham,52.9471,-1.1464,NOT
1697,Nuneaton,52.5264,-1.4639,NUN
1698,Nunhead,51.4668,-0.0523,NHD
1699,Nunthorpe,54.5279,-1.1694,NNT
1700,Nutbourne,50.8461,-0.8829,NUT
1701,Nutfield,51.2268,-0.1325,NUF
1702,Oakengates,52.6934,-2.4502,OKN
1703,Oakham,52.6722,-0.7342,OKM
1704,Oakleigh Park,51.6377,-0.1662,OKL
1705,Oban,56.4125,-5.4739,OBN
1706,Ockendon,51.522,0.2905,OCK
1707,Ockley,51.1515,-0.336,OLY
1708,Okehampton,50.7324,-3.9962,OKE
1709,Old Hill,52.4709,-2.0562,OHL
1710,Old Roan,53.4869,-2.9511,ORN
1711,Old Street,51.5258,-0.0885,OLD
1712,Oldfield Park,51.3792,-2.3805,OLF
1713,Olton,52.4385,-1.8043,OLT
1714,Ore,50.8669,0.5916,ORE
1715,Ormskirk,53.5693,-2.8812,OMS
1716,Orpington,51.3733,0.0891,ORP
1717,Orrell,53.5303,-2.7088,ORR
1718,Orrell Park,53.4619,-2.9633,OPK
1719,Otford,51.3132,0.1968,OTF
1720,Oulton Broad North,52.4778,1.7157,OUN
1721,Oulton Broad South,52.4696,1.7077,OUS
1722,Outwood,53.7153,-1.5104,OUT
1723,Overpool,53.2841,-2.9241,OVE
1724,Overton,51.2543,-1.2593,OVR
1725,Oxenholme Lake District,54.3049,-2.7219,OXN
1726,Oxford,51.7535,-1.2702,OXF
1727,Oxford Parkway,51.8041,-1.2745,OXP
1728,Oxshott,51.3364,-0.3624,OXS
1729,Oxted,51.2579,-0.0048,OXT
1730,Paddington,51.516,-0.1762,PAD
1731,Paddock Wood,51.1823,0.3891,PDW
1732,Padgate,53.4058,-2.5568,PDG
1733,Paignton,50.4347,-3.5649,PGN
1734,Paisley Canal,55.8401,-4.4241,PCN
1735,Paisley Gilmour Street,55.8474,-4.4245,PYG
1736,Paisley St James,55.8521,-4.4424,PYJ
1737,Palmers Green,51.6183,-0.1104,PAL
1738,Pangbourne,51.4854,-1.0905,PAN
1739,Pannal,53.9583,-1.5335,PNL
1740,Pantyffynnon,51.7789,-3.9974,PTF
1741,Par,50.3553,-4.7047,PAR
1742,Parbold,53.5908,-2.7707,PBL
1743,Park Street,51.7255,-0.3403,PKT
1744,Parkstone (Dorset),50.723,-1.948,PKS
1745,Parson Street,51.4333,-2.6077,PSN
1746,Partick,55.8699,-4.3088,PTK
1747,Parton,54.5704,-3.5808,PRN
1748,Patchway,51.5259,-2.5627,PWY
1749,Patricroft,53.4848,-2.3582,PAT
1750,Patterton,55.7906,-4.3353,PTT
1751,Peartree,52.897,-1.4732,PEA
1752,Peckham Rye,51.47,-0.0694,PMR
1753,Pegswood,55.1781,-1.6442,PEG
1754,Pemberton,53.5304,-2.6704,PEM
1755,Pembrey and Burry Port,51.6835,-4.2478,PBY
1756,Pembroke,51.673,-4.906,PMB
1757,Pembroke Dock,51.6939,-4.938,PMD
1758,Pen-Y-Bont (Mid Wales),52.2739,-3.3219,PNY
1759,Penally,51.6589,-4.7221,PNA
1760,Penarth,51.4359,-3.1744,PEN
1761,Pencoed,51.5246,-3.5005,PCD
1762,Pengam,51.6705,-3.2301,PGM
1763,Penge East,51.4193,-0.0542,PNE
1764,Penge West,51.4176,-0.0608,PNW
1765,Penhelig,52.5457,-4.035,PHG
1766,Penistone,53.5255,-1.6228,PNS
1767,Penkridge,52.7235,-2.1193,PKG
1768,Penmaenmawr,53.2705,-3.9235,PMW
1769,Penmere,50.1503,-5.0832,PNM
1770,Penrhiwceiber,51.6699,-3.3599,PER
1771,Penrhyndeudraeth,52.9288,-4.0646,PRH
1772,Penrith (North Lakes),54.6618,-2.7589,PNR
1773,Penryn (Cornwall),50.1707,-5.1116,PYN
1774,Pensarn (Gwynedd),52.8307,-4.1122,PES
1775,Penshurst,51.1973,0.1735,PHR
1776,Pentre-Bach,51.725,-3.3623,PTB
1777,Penychain,52.9029,-4.3387,PNC
1778,Penyffordd,53.1431,-3.0548,PNF
1779,Penzance,50.1217,-5.5326,PNZ
1780,Perranwell,50.2166,-5.1121,PRW
1781,Perry Barr,52.5165,-1.902,PRY
1782,Pershore,52.1306,-2.0715,PSH
1783,Perth,56.3921,-3.4397,PTH
1784,Peterborough,52.575,-0.2498,PBO
1785,Petersfield,51.0067,-0.9411,PTR
1786,Petts Wood,51.3886,0.0745,PET
1787,Pevensey and Westham,50.8158,0.3248,PEV
1788,Pevensey Bay,50.8175,0.3429,PEB
1789,Pewsey,51.3422,-1.7707,PEW
1790,Pilning,51.5566,-2.6271,PIL
1791,Pinhoe,50.7378,-3.4693,PIN
1792,Pitlochry,56.7025,-3.7356,PIT
1793,Pitsea,51.5604,0.5063,PSE
1794,Pleasington,53.731,-2.5441,PLS
1795,Plockton,57.3336,-5.666,PLK
1796,Pluckley,51.1565,0.7474,PLC
1797,Plumley,53.2747,-2.4197,PLM
1798,Plumpton,50.9287,-0.0602,PMP
1799,Plumstead,51.4898,0.0843,PLU
1800,Plymouth,50.3778,-4.1433,PLY
1801,Pokesdown,50.7311,-1.8251,POK
1802,Polegate,50.8212,0.2451,PLG
1803,Polesworth,52.6258,-1.6105,PSW
1804,Pollokshaws East,55.8246,-4.2869,PWE
1805,Pollokshaws West,55.8238,-4.3016,PWW
1806,Pollokshields East,55.8411,-4.2686,PLE
1807,Pollokshields West,55.8377,-4.2758,PLW
1808,Polmont,55.9847,-3.715,PMT
1809,Polsloe Bridge,50.7313,-3.5019,POL
1810,Ponders End,51.6423,-0.0351,PON
1811,Pont-y-Pant,53.0651,-3.8627,PYP
1812,Pontarddulais,51.7176,-4.0455,PTD
1813,Pontefract Baghill,53.6919,-1.3034,PFR
1814,Pontefract Monkhill,53.699,-1.3037,PFM
1815,Pontefract Tanshelf,53.6941,-1.3189,POT
1816,Pontlottyn,51.7466,-3.279,PLT
1817,Pontyclun,51.5238,-3.3929,PYC
1818,Pontypool and New Inn,51.698,-3.0142,PPL
1819,Pontypridd,51.5994,-3.3414,PPD
1820,Poole,50.7194,-1.9833,POO
1821,Poppleton,53.9759,-1.1486,POP
1822,Port Glasgow,55.9335,-4.6898,PTG
1823,Port Sunlight,53.3493,-2.998,PSL
1824,Port Talbot Parkway,51.5917,-3.7813,PTA
1825,Portchester,50.8487,-1.1242,PTC
1826,Porth,51.6125,-3.4072,POR
1827,Porthmadog,52.9309,-4.1344,PTM
1828,Portlethen,57.0614,-2.1266,PLN
1829,Portslade,50.8357,-0.2053,PLD
1830,Portsmouth and Southsea,50.7985,-1.0909,PMS
1831,Portsmouth Arms,50.957,-3.9506,PMA
1832,Portsmouth Harbour,50.797,-1.1078,PMH
1833,Possilpark and Parkhouse,55.8901,-4.2585,PPK
1834,Potters Bar,51.6971,-0.1926,PBR
1835,Poulton-Le-Fylde,53.8484,-2.9906,PFY
1836,Poynton,53.3504,-2.1344,PYT
1837,Prees,52.8993,-2.6897,PRS
1838,Prescot,53.4236,-2.7992,PSC
1839,Prestatyn,53.3365,-3.4071,PRT
1840,Prestbury,53.2934,-2.1455,PRB
1841,Preston (Lancs),53.7569,-2.7081,PRE
1842,Preston Park,50.8459,-0.1552,PRP
1843,Prestonpans,55.9531,-2.9748,PST
1844,Prestwick International Airport,55.509,-4.6142,PRA
1845,Prestwick Town,55.5017,-4.6152,PTW
1846,Priesthill and Darnley,55.8122,-4.3429,PTL
1847,Princes Risborough,51.7179,-0.8439,PRR
1848,Prittlewell,51.5507,0.7107,PRL
1849,Prudhoe,54.9658,-1.8649,PRU
1850,Pulborough,50.9574,-0.5166,PUL
1851,Purfleet,51.481,0.2368,PFL
1852,Purley,51.3376,-0.114,PUR
1853,Purley Oaks,51.347,-0.0989,PUO
1854,Putney,51.4613,-0.2165,PUT
1855,Pwllheli,52.8878,-4.4167,PWL
1856,Pye Corner,51.5795,-3.0375,PYE
1857,Pyle,51.5257,-3.6981,PYL
1858,Quakers Yard,51.6607,-3.3228,QYD
1859,Queenborough,51.4156,0.7497,QBR
1860,Queens Park (Glasgow),55.8353,-4.2668,QPK
1861,Queens Park (London),51.534,-0.205,QPW
1862,Queens Road Peckham,51.4736,-0.0573,QRP
1863,Queenstown Road (Battersea),51.475,-0.1467,QRB
1864,Quintrell Downs,50.4041,-5.0285,QUI
1865,Radcliffe (Nottinghamshire),52.9488,-1.0373,RDF
1866,Radlett,51.6852,-0.3172,RDT
1867,Radley,51.6862,-1.2405,RAD
1868,Radyr,51.5163,-3.2484,RDR
1869,Rainford,53.5171,-2.7895,RNF
1870,Rainham (Essex),51.5167,0.1906,RNM
1871,Rainham (Kent),51.3663,0.6113,RAI
1872,Rainhill,53.4171,-2.7664,RNH
1873,Ramsgate,51.3408,1.4065,RAM
1874,Ramsgreave and Wilpshire,53.7798,-2.4781,RGW
1875,Rannoch,56.6861,-4.5769,RAN
1876,Rauceby,52.9852,-0.4566,RAU
1877,Ravenglass for Eskdale,54.3557,-3.4088,RAV
1878,Ravensbourne,51.4142,-0.0076,RVB
1879,Ravensthorpe,53.6755,-1.6556,RVN
1880,Rawcliffe,53.689,-0.9609,RWC
1881,Rayleigh,51.5893,0.6,RLG
1882,Raynes Park,51.4092,-0.2302,RAY
1883,Reading,51.4588,-0.9719,RDG
1884,Reading West,51.4555,-0.9901,RDW
1885,Rectory Road,51.5585,-0.0683,REC
1886,Redbridge,50.9199,-1.4702,RDB
1887,Redcar British Steel,54.6099,-1.1127,RBS
1888,Redcar Central,54.6162,-1.0709,RCC
1889,Redcar East,54.6093,-1.0523,RCE
1890,Reddish North,53.4494,-2.1563,RDN
1891,Reddish South,53.4359,-2.1588,RDS
1892,Redditch,52.3063,-1.9452,RDC
1893,Redhill,51.2402,-0.1659,RDH
1894,Redland,51.4684,-2.5991,RDA
1895,Redruth,50.2333,-5.2259,RED
1896,Reedham (London),51.3311,-0.1234,RHM
1897,Reedham (Norfolk),52.5645,1.5597,REE
1898,Reigate,51.242,-0.2038,REI
1899,Renton,55.9704,-4.5861,RTN
1900,Retford,53.3152,-0.9479,RET
1901,Rhiwbina,51.5212,-3.214,RHI
1902,Rhoose Cardiff International Airport,51.3871,-3.3494,RIA
1903,Rhosneigr,53.2348,-4.5066,RHO
1904,Rhyl,53.3184,-3.4891,RHL
1905,Rhymney,51.7588,-3.2893,RHY
1906,Ribblehead,54.2058,-2.3609,RHD
1907,Rice Lane,53.4578,-2.9623,RIL
1908,Richmond,51.4631,-0.3016,RMD
1909,Rickmansworth,51.6402,-0.4733,RIC
1910,Riddlesdown,51.3325,-0.0994,RDD
1911,Ridgmont,52.0264,-0.5946,RID
1912,Riding Mill,54.9487,-1.9716,RDM
1913,Risca and Pontymister,51.6059,-3.0922,RCA
1914,Rishton,53.7638,-2.4202,RIS
1915,Robertsbridge,50.9849,0.4688,RBR
1916,Robroyston,55.8878,-4.1714,RRN
1917,Roby,53.41,-2.8559,ROB
1918,Rochdale,53.6103,-2.1535,RCD
1919,Roche,50.4185,-4.8302,ROC
1920,Rochester,51.3855,0.5103,RTR
1921,Rochford,51.5817,0.7023,RFD
1922,Rock Ferry,53.3727,-3.0108,RFY
1923,Rogart,57.9887,-4.1582,ROG
1924,Rogerstone,51.5956,-3.0666,ROR
1925,Rolleston,53.0653,-0.8997,ROL
1926,Roman Bridge,53.0444,-3.9216,RMB
1927,Romford,51.5748,0.1832,RMF
1928,Romiley,53.414,-2.0893,RML
1929,Romsey,50.9925,-1.4931,ROM
1930,Roose,54.1152,-3.1946,ROO
1931,Rose Grove,53.7862,-2.2828,RSG
1932,Rose Hill Marple,53.3962,-2.0765,RSH
1933,Rosyth,56.0455,-3.4273,ROS
1934,Rotherham Central,53.4323,-1.3604,RMC
1935,Rotherhithe,51.5008,-0.052,ROE
1936,Roughton Road,52.918,1.2998,RNR
1937,Rowlands Castle,50.8922,-0.9575,RLN
1938,Rowley Regis,52.4773,-2.0309,ROW
1939,Roy Bridge,56.8884,-4.8372,RYB
1940,Roydon,51.7755,0.0363,RYN
1941,Royston,52.0531,-0.0269,RYS
1942,Ruabon,52.9871,-3.0431,RUA
1943,Rufford,53.6345,-2.8078,RUF
1944,Rugby,52.3791,-1.2505,RUG
1945,Rugeley Town,52.7544,-1.9368,RGT
1946,Rugeley Trent Valley,52.7697,-1.9299,RGL
1947,Runcorn,53.3387,-2.7393,RUN
1948,Runcorn East,53.3276,-2.6657,RUE
1949,Ruskington,53.0415,-0.3808,RKT
1950,Ruswarp,54.4702,-0.6278,RUS
1951,Rutherglen,55.8306,-4.2121,RUT
1952,Ryde Esplanade,50.7329,-1.1596,RYD
1953,Ryde Pier Head,50.7392,-1.1601,RYP
1954,Ryde St Johns Road,50.7244,-1.1566,RYR
1955,Ryder Brow,53.4566,-2.1731,RRB
1956,Rye (Sussex),50.9524,0.7307,RYE
1957,Rye House,51.7694,0.0056,RYH
1958,Salford Central,53.4831,-2.2548,SFD
1959,Salford Crescent,53.4866,-2.2757,SLD
1960,Salfords (Surrey),51.2017,-0.1625,SAF
1961,Salhouse,52.6756,1.3914,SAH
1962,Salisbury,51.0705,-1.8064,SAL
1963,Saltaire,53.8385,-1.7905,SAE
1964,Saltash,50.4074,-4.2091,STS
1965,Saltburn,54.5835,-0.9741,SLB
1966,Saltcoats,55.6339,-4.7843,SLT
1967,Saltmarshe,53.7219,-0.8095,SAM
1968,Salwick,53.7815,-2.817,SLW
1969,Sampford Courtenay,50.7701,-3.9489,SMC
1970,Sandal and Agbrigg,53.6631,-1.4814,SNA
1971,Sandbach,53.1502,-2.3935,SDB
1972,Sanderstead,51.3483,-0.0937,SNR
1973,Sandhills,53.4299,-2.9915,SDL
1974,Sandhurst (Berks),51.3469,-0.8046,SND
1975,Sandling,51.0904,1.066,SDG
1976,Sandown,50.6569,-1.1624,SAN
1977,Sandplace,50.3868,-4.4645,SDP
1978,Sandwell and Dudley,52.5087,-2.0116,SAD
1979,Sandwich,51.2699,1.3426,SDW
1980,Sandy,52.1247,-0.2812,SDY
1981,Sankey For Penketh,53.3925,-2.6505,SNK
1982,Sanquhar,55.3702,-3.9245,SQH
1983,Sarn,51.5387,-3.5899,SRR
1984,Saundersfoot,51.7221,-4.7166,SDF
1985,Saunderton,51.6759,-0.8255,SDR
1986,Sawbridgeworth,51.8143,0.1604,SAW
1987,Saxilby,53.2672,-0.664,SXY
1988,Saxmundham,52.2149,1.4902,SAX
1989,Scarborough,54.2798,-0.4057,SCA
1990,Scotscalder,58.483,-3.5521,SCT
1991,Scotstounhill,55.8851,-4.3529,SCH
1992,Scunthorpe,53.5862,-0.651,SCU
1993,Sea Mills,51.48,-2.6499,SML
1994,Seaford (Sussex),50.7728,0.1001,SEF
1995,Seaforth and Litherland,53.4663,-3.0056,SFL
1996,Seaham,54.8391,-1.3463,SEA
1997,Seamer,54.2408,-0.417,SEM
1998,Seascale,54.3959,-3.4845,SSC
1999,Seaton Carew,54.6583,-1.2004,SEC
2000,Seer Green,51.6098,-0.6078,SRG
2001,Selby,53.7828,-1.0638,SBY
2002,Selhurst,51.3919,-0.0883,SRS
2003,Sellafield,54.4166,-3.5105,SEL
2004,Selling,51.2774,0.9409,SEG
2005,Selly Oak,52.442,-1.9358,SLY
2006,Settle,54.0669,-2.2807,SET
2007,Seven Kings,51.564,0.0971,SVK
2008,Seven Sisters,51.5823,-0.0753,SVS
2009,Sevenoaks,51.2769,0.1817,SEV
2010,Severn Beach,51.56,-2.6645,SVB
2011,Severn Tunnel Junction,51.5847,-2.7779,STJ
2012,Shadwell,51.5113,-0.0569,SDE
2013,Shalford (Surrey),51.2143,-0.5668,SFR
2014,Shanklin,50.6339,-1.1798,SHN
2015,Shawfair,55.9199,-3.0787,SFI
2016,Shawford,51.0221,-1.3278,SHW
2017,Shawlands,55.8292,-4.2923,SHL
2018,Sheerness-On-Sea,51.4411,0.7585,SSS
2019,Sheffield,53.3782,-1.4621,SHF
2020,Shelford (Cambs),52.1488,0.14,SED
2021,Shenfield,51.6309,0.3299,SNF
2022,Shenstone,52.6394,-1.8442,SEN
2023,Shepherd's Bush,51.5053,-0.2177,SPB
2024,Shepherds Well,51.1884,1.2299,SPH
2025,Shepley,53.5887,-1.7049,SPY
2026,Shepperton,51.3968,-0.4468,SHP
2027,Shepreth,52.1142,0.0313,STH
2028,Sherborne,50.944,-2.5131,SHE
2029,Sherburn-In-Elmet,53.7972,-1.2327,SIE
2030,Sheringham,52.9414,1.2103,SHM
2031,Shettleston,55.8535,-4.16,SLS
2032,Shieldmuir,55.7775,-3.957,SDM
2033,Shifnal,52.6661,-2.3718,SFN
2034,Shildon,54.6262,-1.6366,SHD
2035,Shiplake,51.5115,-0.8826,SHI
2036,Shipley (Yorks),53.8331,-1.7735,SHY
2037,Shippea Hill,52.4302,0.4133,SPP
2038,Shipton,51.8657,-1.5927,SIP
2039,Shirebrook,53.2042,-1.2024,SHB
2040,Shirehampton,51.4844,-2.6793,SHH
2041,Shireoaks,53.3248,-1.168,SRO
2042,Shirley,52.4034,-1.8452,SRL
2043,Shoeburyness,51.531,0.7953,SRY
2044,Sholing,50.8968,-1.3649,SHO
2045,Shoreditch High Street,51.5234,-0.0752,SDC
2046,Shoreham (Kent),51.3322,0.1889,SEH
2047,Shoreham-By-Sea,50.8344,-0.2717,SSE
2048,Shortlands,51.4058,0.0018,SRT
2049,Shotton,53.2125,-3.0384,SHT
2050,Shotts,55.8187,-3.7983,SHS
2051,Shrewsbury,52.7119,-2.7498,SHR
2052,Sidcup,51.4339,0.1038,SID
2053,Sileby,52.7316,-1.11,SIL
2054,Silecroft,54.226,-3.3344,SIC
2055,Silkstone Common,53.5349,-1.5635,SLK
2056,Silver Street,51.6147,-0.0672,SLV
2057,Silverdale,54.1699,-2.8038,SVR
2058,Singer,55.9077,-4.4055,SIN
2059,Sittingbourne,51.342,0.7347,SIT
2060,Skegness,53.1432,0.3343,SKG
2061,Skewen,51.6614,-3.8465,SKE
2062,Skipton,53.9587,-2.0259,SKI
2063,Slade Green,51.4678,0.1905,SGR
2064,Slaithwaite,53.6238,-1.8816,SWT
2065,Slateford,55.9267,-3.2435,SLA
2066,Sleaford,52.9955,-0.4103,SLR
2067,Sleights,54.4611,-0.6625,SLH
2068,Slough,51.5119,-0.5915,SLO
2069,Small Heath,52.4638,-1.8594,SMA
2070,Smallbrook Junction,50.7111,-1.1542,SAB
2071,Smethwick Galton Bridge,52.5018,-1.9805,SGB
2072,Smethwick Rolfe Street,52.4964,-1.9706,SMR
2073,Smithy Bridge,53.6333,-2.1135,SMB
2074,Snaith,53.6931,-1.0285,SNI
2075,Snodland,51.3302,0.4482,SDA
2076,Snowdown,51.2153,1.2137,SWO
2077,Sole Street,51.3831,0.3781,SOR
2078,Solihull,52.4144,-1.7884,SOL
2079,Somerleyton,52.5102,1.6523,SYT
2080,South Acton,51.4997,-0.2702,SAT
2081,South Bank,54.5838,-1.1767,SBK
2082,South Bermondsey,51.4881,-0.0547,SBM
2083,South Croydon,51.363,-0.0935,SCY
2084,South Elmsall,53.5946,-1.2849,SES
2085,South Greenford,51.5337,-0.3367,SGN
2086,South Gyle,55.9364,-3.2995,SGL
2087,South Hampstead,51.5414,-0.1789,SOH
2088,South Kenton,51.5702,-0.3085,SOK
2089,South Merton,51.403,-0.2052,SMO
2090,South Milford,53.7823,-1.2505,SOM
2091,South Ruislip,51.5569,-0.3993,SRU
2092,South Tottenham,51.5804,-0.0721,STO
2093,South Wigston,52.5822,-1.1341,SWS
2094,South Woodham Ferrers,51.6495,0.6065,SOF
2095,Southall,51.506,-0.3786,STL
2096,Southampton Airport Parkway,50.9508,-1.3631,SOA
2097,Southampton Central,50.9074,-1.4136,SOU
2098,Southbourne,50.8483,-0.9081,SOB
2099,Southbury,51.6487,-0.0524,SBU
2100,Southease,50.8313,0.0306,SEE
2101,Southend Airport,51.5687,0.705,SIA
2102,Southend Central,51.5371,0.7117,SOC
2103,Southend East,51.539,0.7318,SOE
2104,Southend Victoria,51.5415,0.7115,SOV
2105,Southminster,51.6606,0.8352,SMN
2106,Southport,53.6465,-3.0024,SOP
2107,Southwick,50.8325,-0.236,SWK
2108,Sowerby Bridge,53.7078,-1.907,SOW
2109,Spalding,52.7888,-0.1569,SPA
2110,Spean Bridge,56.89,-4.9216,SBR
2111,Spital,53.3399,-2.9939,SPI
2112,Spondon,52.9122,-1.4111,SPO
2113,Spooner Row,52.535,1.0865,SPN
2114,Spring Road,52.4434,-1.8374,SRI
2115,Springburn,55.8819,-4.2305,SPR
2116,Springfield,56.295,-3.0524,SPF
2117,Squires Gate,53.7773,-3.0503,SQU
2118,St Albans Abbey,51.7447,-0.3426,SAA
2119,St Albans City,51.7505,-0.3275,SAC
2120,St Andrews Road,51.5128,-2.6963,SAR
2121,St Annes-On-The-Sea,53.753,-3.0291,SAS
2122,St Austell,50.3395,-4.7894,SAU
2123,St Bees,54.4925,-3.5912,SBS
2124,St Budeaux Ferry Road,50.4014,-4.1868,SBF
2125,St Budeaux Victoria Road,50.402,-4.1874,SBV
2126,St Columb Road,50.3987,-4.9408,SCR
2127,St Denys,50.9222,-1.3878,SDN
2128,St Erth,50.1705,-5.4443,SER
2129,St Germans,50.3943,-4.3084,SGM
2130,St Helens Central,53.4531,-2.7303,SNH
2131,St Helens Junction,53.4337,-2.7003,SHJ
2132,St Helier,51.3899,-0.1988,SIH
2133,St Ives (Cornwall),50.2091,-5.4779,SIV
2134,St James Park (Exeter),50.7312,-3.522,SJP
2135,St James Street,51.581,-0.0329,SJS
2136,St Johns,51.4694,-0.0227,SAJ
2137,St Keyne Wishing Well Halt,50.423,-4.4635,SKN
2138,St Leonards Warrior Square,50.8557,0.5603,SLQ
2139,St Margarets,51.4552,-0.3202,SMG
2140,St Margarets (Herts),51.7878,0.0013,SMT
2141,St Mary Cray,51.3947,0.1064,SMY
2142,St Michaels,53.3756,-2.9528,STM
2143,St Neots,52.2316,-0.2474,SNO
2144,St Pancras,51.5324,-0.1272,STP
2145,Stafford,52.8039,-2.122,STA
2146,Staines,51.4325,-0.5032,SNS
2147,Stallingborough,53.5871,-0.1837,SLL
2148,Stalybridge,53.4846,-2.0627,SYB
2149,Stamford (Lincs),52.6478,-0.4801,SMD
2150,Stamford Hill,51.5745,-0.0767,SMH
2151,Stanford-Le-Hope,51.5144,0.423,SFO
2152,Stanlow and Thornton,53.2784,-2.8421,SNT
2153,Stansted Airport,51.8886,0.2608,SSD
2154,Stansted Mountfitchet,51.9014,0.1998,SST
2155,Staplehurst,51.1715,0.5504,SPU
2156,Stapleton Road,51.4675,-2.5662,SRD
2157,Starbeck,53.999,-1.5011,SBE
2158,Starcross,50.6278,-3.4477,SCS
2159,Staveley (Cumbria),54.3755,-2.8189,SVL
2160,Stechford,52.4848,-1.811,SCF
2161,Steeton and Silsden,53.9,-1.9447,SON
2162,Stepps,55.8901,-4.1408,SPS
2163,Stevenage,51.9017,-0.2071,SVG
2164,Stevenston,55.6343,-4.7508,STV
2165,Stewartby,52.0691,-0.5207,SWR
2166,Stewarton,55.6822,-4.5181,STT
2167,Stirling,56.1198,-3.9356,STG
2168,Stockport,53.4055,-2.163,SPT
2169,Stocksfield,54.947,-1.9168,SKS
2170,Stocksmoor,53.5941,-1.7232,SSM
2171,Stockton,54.5696,-1.3185,STK
2172,Stoke Mandeville,51.7878,-0.7841,SKM
2173,Stoke Newington,51.5652,-0.0729,SKW
2174,Stoke-On-Trent,53.008,-2.181,SOT
2175,Stone (Staffs),52.9083,-2.155,SNE
2176,Stone Crossing,51.4513,0.2638,SCG
2177,Stonebridge Park,51.5441,-0.2758,SBP
2178,Stonegate,51.02,0.3639,SOG
2179,Stonehaven,56.9668,-2.2253,STN
2180,Stonehouse,51.7459,-2.2795,SHU
2181,Stoneleigh,51.3634,-0.2487,SNL
2182,Stourbridge Junction,52.4475,-2.1339,SBJ
2183,Stourbridge Town,52.4556,-2.1418,SBT
2184,Stow,55.6924,-2.8659,SOI
2185,Stowmarket,52.1897,1,SMK
2186,Stranraer,54.9096,-5.0247,STR
2187,Stratford,51.5419,-0.0034,SRA
2188,Stratford International,51.5448,-0.0088,SFA
2189,Stratford-Upon-Avon,52.1942,-1.7163,SAV
2190,Stratford-upon-Avon Parkway,52.2068,-1.7308,STY
2191,Strathcarron,57.4227,-5.4286,STC
2192,Strawberry Hill,51.439,-0.3394,STW
2193,Streatham,51.4258,-0.1316,STE
2194,Streatham Common,51.4187,-0.136,SRC
2195,Streatham Hill,51.4382,-0.1272,SRH
2196,Streethouse,53.6762,-1.4001,SHC
2197,Strines,53.375,-2.0339,SRN
2198,Stromeferry,57.3523,-5.5512,STF
2199,Strood (Kent),51.3965,0.5002,SOO
2200,Stroud (Gloucs),51.7446,-2.2194,STD
2201,Sturry,51.3011,1.1223,STU
2202,Styal,53.3483,-2.2405,SYA
2203,Sudbury (Suffolk),52.0363,0.7354,SUY
2204,Sudbury and Harrow Road,51.5544,-0.3155,SUD
2205,Sudbury Hill Harrow,51.5585,-0.3358,SDH
2206,Sugar Loaf,52.0823,-3.6869,SUG
2207,Summerston,55.8988,-4.2915,SUM
2208,Sunbury,51.4183,-0.4178,SUU
2209,Sunderland,54.9053,-1.3823,SUN
2210,Sundridge Park,51.4138,0.0214,SUP
2211,Sunningdale,51.3919,-0.633,SNG
2212,Sunnymeads,51.4703,-0.5594,SNY
2213,Surbiton,51.3925,-0.304,SUR
2214,Surrey Quays,51.4932,-0.0475,SQE
2215,Sutton,51.3595,-0.1912,SUO
2216,Sutton Coldfield,52.5649,-1.8248,SUT
2217,Sutton Common,51.3749,-0.1963,SUC
2218,Sutton Parkway,53.1141,-1.2456,SPK
2219,Swale,51.3892,0.7471,SWL
2220,Swanley,51.3934,0.1692,SAY
2221,Swanscombe,51.4491,0.3095,SWM
2222,Swansea,51.6252,-3.9415,SWA
2223,Swanwick,50.8757,-1.2659,SNW
2224,Sway,50.7847,-1.61,SWY
2225,Swaythling,50.9411,-1.3764,SWG
2226,Swinderby,53.1696,-0.7027,SWD
2227,Swindon (Wilts),51.5655,-1.7855,SWI
2228,Swineshead,52.9698,-0.1872,SWE
2229,Swinton (Manchester),53.5148,-2.3375,SNN
2230,Swinton (South Yorks),53.4862,-1.3058,SWN
2231,Sydenham,51.4272,-0.0542,SYD
2232,Sydenham Hill,51.4327,-0.0803,SYH
2233,Syon Lane,51.4818,-0.3248,SYL
2234,Syston,52.6942,-1.0824,SYS
2235,Tackley,51.8812,-1.2975,TAC
2236,Tadworth,51.2916,-0.236,TAD
2237,Taffs Well,51.5408,-3.2629,TAF
2238,Tain,57.8144,-4.0521,TAI
2239,Tal-y-Cafn,53.2284,-3.8183,TLC
2240,Talsarnau,52.9043,-4.0682,TAL
2241,Talybont,52.7726,-4.0966,TLB
2242,Tame Bridge Parkway,52.5529,-1.9762,TAB
2243,Tamworth,52.6375,-1.6865,TAM
2244,Taplow,51.5236,-0.6814,TAP
2245,Tattenham Corner,51.3092,-0.2426,TAT
2246,Taunton,51.0233,-3.1027,TAU
2247,Taynuilt,56.4308,-5.2396,TAY
2248,Teddington,51.4245,-0.3327,TED
2249,Teesside Airport,54.5181,-1.4253,TEA
2250,Teignmouth,50.5481,-3.4947,TGM
2251,Telford Central,52.6811,-2.441,TFC
2252,Templecombe,51.0015,-2.4177,TMC
2253,Tenby,51.673,-4.7067,TEN
2254,Teynham,51.3334,0.8074,TEY
2255,Thames Ditton,51.3891,-0.3392,THD
2256,Thatcham,51.3938,-1.2432,THA
2257,Thatto Heath,53.4366,-2.7594,THH
2258,The Hawthorns,52.5054,-1.964,THW
2259,The Lakes (Warks),52.3591,-1.8447,TLK
2260,Theale,51.4335,-1.075,THE
2261,Theobalds Grove,51.6925,-0.0348,TEO
2262,Thetford,52.4191,0.7451,TTF
2263,Thirsk,54.2282,-1.3726,THI
2264,Thornaby,54.5593,-1.3014,TBY
2265,Thorne North,53.6161,-0.9723,TNN
2266,Thorne South,53.6033,-0.9551,TNS
2267,Thornford,50.9106,-2.579,THO
2268,Thornliebank,55.8111,-4.3117,THB
2269,Thornton Abbey,53.6543,-0.323,TNA
2270,Thornton Heath,51.3988,-0.1003,TTH
2271,Thorntonhall,55.7687,-4.2512,THT
2272,Thorpe Bay,51.5376,0.7617,TPB
2273,Thorpe Culvert,53.1231,0.1994,TPC
2274,Thorpe-le-Soken,51.8476,1.1614,TLS
2275,Three Bridges,51.1169,-0.1612,TBD
2276,Three Oaks,50.9011,0.6131,TOK
2277,Thurgarton,53.0289,-0.9623,THU
2278,Thurnscoe,53.545,-1.3088,THC
2279,Thurso,58.5902,-3.5275,THS
2280,Thurston,52.25,0.8087,TRS
2281,Tilbury Town,51.4624,0.354,TIL
2282,Tile Hill,52.3951,-1.5968,THL
2283,Tilehurst,51.4715,-1.0298,TLH
2284,Tipton,52.5304,-2.0657,TIP
2285,Tir-Phil,51.7209,-3.2464,TIR
2286,Tisbury,51.0609,-2.079,TIS
2287,Tiverton Parkway,50.9172,-3.3596,TVP
2288,Todmorden,53.7138,-2.0997,TOD
2289,Tolworth,51.3769,-0.2795,TOL
2290,Ton Pentre,51.6478,-3.4862,TPN
2291,Tonbridge,51.1914,0.271,TON
2292,Tondu,51.5474,-3.5956,TDU
2293,Tonfanau,52.6135,-4.1237,TNF
2294,Tonypandy,51.6198,-3.4489,TNP
2295,Tooting,51.4198,-0.1613,TOO
2296,Topsham,50.6862,-3.4644,TOP
2297,Torquay,50.4611,-3.5433,TQY
2298,Torre,50.4732,-3.5464,TRR
2299,Totnes,50.4359,-3.6887,TOT
2300,Tottenham Hale,51.5883,-0.0599,TOM
2301,Totton,50.9179,-1.4824,TTN
2302,Town Green,53.5428,-2.9045,TWN
2303,Trafford Park,53.4548,-2.3106,TRA
2304,Trefforest,51.5915,-3.3251,TRF
2305,Trefforest Estate,51.5683,-3.2902,TRE
2306,Trehafod,51.6102,-3.381,TRH
2307,Treherbert,51.6722,-3.5363,TRB
2308,Treorchy,51.6575,-3.5057,TRY
2309,Trimley,51.9765,1.3195,TRM
2310,Tring,51.8007,-0.6224,TRI
2311,Troed-Y-Rhiw,51.7124,-3.3467,TRD
2312,Troon,55.5428,-4.6553,TRN
2313,Trowbridge,51.3198,-2.2143,TRO
2314,Truro,50.2638,-5.0648,TRU
2315,Tulloch,56.8843,-4.7013,TUL
2316,Tulse Hill,51.4399,-0.1051,TUH
2317,Tunbridge Wells,51.1302,0.2628,TBW
2318,Turkey Street,51.6726,-0.0472,TUR
2319,Tutbury and Hatton,52.8641,-1.6822,TUT
2320,Tweedbank,55.6057,-2.7595,TWB
2321,Twickenham,51.45,-0.3304,TWI
2322,Twyford,51.4755,-0.8633,TWY
2323,Ty Croes,53.2226,-4.4747,TYC
2324,Ty Glas,51.5215,-3.1965,TGS
2325,Tygwyn,52.8938,-4.0787,TYG
2326,Tyndrum Lower,56.4333,-4.7148,TYL
2327,Tyseley,52.4541,-1.8391,TYS
2328,Tywyn,52.5856,-4.0936,TYW
2329,Uckfield,50.9687,0.0964,UCK
2330,Uddingston,55.8235,-4.0867,UDD
2331,Ulceby,53.6192,-0.3008,ULC
2332,Ulleskelf,53.8536,-1.214,ULL
2333,Ulverston,54.1916,-3.0979,ULV
2334,Umberleigh,50.9968,-3.9829,UMB
2335,University (Birmingham),52.4512,-1.9367,UNI
2336,Uphall,55.919,-3.5021,UHA
2337,Upholland,53.5284,-2.7414,UPL
2338,Upminster,51.5591,0.2509,UPM
2339,Upper Halliford,51.4131,-0.4309,UPH
2340,Upper Holloway,51.5636,-0.1295,UHL
2341,Upper Tyndrum,56.4347,-4.7037,UTY
2342,Upper Warlingham,51.3085,-0.078,UWL
2343,Upton (Merseyside),53.3865,-3.0842,UPT
2344,Upwey,50.6483,-2.4661,UPW
2345,Urmston,53.4483,-2.3538,URM
2346,Uttoxeter,52.8968,-1.8573,UTT
2347,Valley,53.2813,-4.5634,VAL
2348,Vauxhall,51.4862,-0.1229,VXH
2349,Victoria,51.4953,-0.1446,VIC
2350,Virginia Water,51.4018,-0.5622,VIR
2351,Waddon,51.3674,-0.1173,WDO
2352,Wadhurst,51.0735,0.3132,WAD
2353,Wainfleet,53.1051,0.2347,WFL
2354,Wakefield Kirkgate,53.6787,-1.4886,WKK
2355,Wakefield Westgate,53.6831,-1.5061,WKF
2356,Walkden,53.5198,-2.3963,WKD
2357,Wallasey Grove Road,53.428,-3.0697,WLG
2358,Wallasey Village,53.4229,-3.0691,WLV
2359,Wallington,51.3604,-0.1508,WLT
2360,Wallyford,55.9403,-3.015,WAF
2361,Walmer,51.2033,1.3829,WAM
2362,Walsall,52.5844,-1.9848,WSL
2363,Walsden,53.6963,-2.1045,WDN
2364,Waltham Cross,51.6851,-0.0266,WLC
2365,Walthamstow Central,51.5829,-0.0198,WHC
2366,Walthamstow Queen's Road,51.5815,-0.0238,WMW
2367,Walton (Merseyside),53.4562,-2.9657,WAO
2368,Walton-On-Thames,51.3729,-0.4146,WAL
2369,Walton-on-the-Naze,51.8462,1.2677,WON
2370,Wanborough,51.2445,-0.6676,WAN
2371,Wandsworth Common,51.4462,-0.1634,WSW
2372,Wandsworth Road,51.4702,-0.1385,WWR
2373,Wandsworth Town,51.461,-0.1881,WNT
2374,Wanstead Park,51.5517,0.0262,WNP
2375,Wapping,51.5044,-0.0559,WPE
2376,Warblington,50.8534,-0.9672,WBL
2377,Ware (Herts),51.808,-0.0288,WAR
2378,Wareham (Dorset),50.6929,-2.1152,WRM
2379,Wargrave,51.4982,-0.8765,WGV
2380,Warminster,51.2068,-2.1767,WMN
2381,Warnham,51.0929,-0.3295,WNH
2382,Warrington Bank Quay,53.386,-2.6024,WBQ
2383,Warrington Central,53.3918,-2.5932,WAC
2384,Warrington West,53.394,-2.6381,WAW
2385,Warwick,52.2865,-1.5819,WRW
2386,Warwick Parkway,52.2861,-1.6121,WRP
2387,Water Orton,52.5186,-1.7431,WTO
2388,Waterbeach,52.2623,0.1968,WBC
2389,Wateringbury,51.2497,0.4225,WTR
2390,Waterloo,51.5033,-0.1131,WAT
2391,Waterloo (Merseyside),53.475,-3.0255,WLO
2392,Waterloo East,51.5041,-0.1089,WAE
2393,Watford High Street,51.6527,-0.3917,WFH
2394,Watford Junction,51.6635,-0.3965,WFJ
2395,Watford North,51.6757,-0.3899,WFN
2396,Watlington,52.6732,0.3833,WTG
2397,Watton-At-Stone,51.8564,-0.1194,WAS
2398,Waun-gron Park,51.4882,-3.2297,WNG
2399,Wavertree Technology Park,53.4052,-2.9229,WAV
2400,Weeley,51.8531,1.1155,WEE
2401,Weeton,53.9232,-1.5812,WET
2402,Welham Green,51.7364,-0.2107,WMG
2403,Welling,51.4648,0.1017,WLI
2404,Wellingborough,52.3038,-0.6767,WEL
2405,Wellington (Shropshire),52.7013,-2.5172,WLN
2406,Welshpool,52.6575,-3.1399,WLP
2407,Welwyn Garden City,51.801,-0.2041,WGC
2408,Welwyn North,51.8235,-0.1921,WLW
2409,Wem,52.8564,-2.718,WEM
2410,Wembley Central,51.5523,-0.2964,WMB
2411,Wembley Stadium,51.5544,-0.2856,WCX
2412,Wemyss Bay,55.8762,-4.8891,WMS
2413,Wendover,51.7618,-0.7474,WND
2414,Wennington,54.1237,-2.5875,WNN
2415,West Allerton,53.3691,-2.907,WSA
2416,West Brompton,51.4871,-0.1956,WBP
2417,West Byfleet,51.3392,-0.5055,WBY
2418,West Calder,55.8538,-3.567,WCL
2419,West Croydon,51.3784,-0.1026,WCY
2420,West Drayton,51.5101,-0.4722,WDT
2421,West Dulwich,51.4407,-0.0914,WDU
2422,West Ealing,51.5135,-0.3201,WEA
2423,West Ham,51.5285,0.0054,WEH
2424,West Hampstead,51.5475,-0.1912,WHD
2425,West Hampstead Thameslink,51.5485,-0.1918,WHP
2426,West Horndon,51.5679,0.3406,WHR
2427,West Kilbride,55.6962,-4.8517,WKB
2428,West Kirby,53.3732,-3.1838,WKI
2429,West Malling,51.292,0.4187,WMA
2430,West Norwood,51.4317,-0.1038,WNW
2431,West Ruislip,51.5698,-0.4378,WRU
2432,West Runton,52.9355,1.2455,WRN
2433,West St Leonards,50.8532,0.5399,WLD
2434,West Sutton,51.3659,-0.2052,WSU
2435,West Wickham,51.3813,-0.0144,WWI
2436,West Worthing,50.8184,-0.393,WWO
2437,Westbury,51.267,-2.1992,WSB
2438,Westcliff,51.5373,0.6915,WCF
2439,Westcombe Park,51.4842,0.0184,WCB
2440,Westenhanger,51.095,1.038,WHA
2441,Wester Hailes,55.9143,-3.2843,WTA
2442,Westerfield,52.081,1.1659,WFI
2443,Westerton,55.9048,-4.3349,WES
2444,Westgate-On-Sea,51.3814,1.3384,WGA
2445,Westhoughton,53.5557,-2.5237,WHG
2446,Weston Milton,51.3485,-2.9424,WNM
2447,Weston-Super-Mare,51.3443,-2.9717,WSM
2448,Wetheral,54.8838,-2.8317,WRL
2449,Weybridge,51.3618,-0.4577,WYB
2450,Weymouth,50.6153,-2.4542,WEY
2451,Whaley Bridge,53.3302,-1.9846,WBR
2452,Whalley (Lancashire),53.824,-2.4123,WHE
2453,Whatstandwell,53.0833,-1.5041,WTS
2454,Whifflet,55.8537,-4.0187,WFF
2455,Whimple,50.768,-3.3543,WHM
2456,Whinhill,55.9384,-4.7467,WNL
2457,Whiston,53.4139,-2.7964,WHN
2458,Whitby,54.4846,-0.6154,WTB
2459,Whitchurch (Cardiff),51.5208,-3.2233,WHT
2460,Whitchurch (Hampshire),51.2375,-1.3377,WCH
2461,Whitchurch (Shropshire),52.9681,-2.6717,WTC
2462,White Hart Lane,51.605,-0.0709,WHL
2463,White Notley,51.8389,0.5959,WNY
2464,Whitechapel,51.5195,-0.0598,ZLW
2465,Whitecraigs,55.7903,-4.3102,WCR
2466,Whitehaven,54.553,-3.5869,WTH
2467,Whitland,51.818,-4.6144,WTL
2468,Whitley Bridge,53.6991,-1.1583,WBD
2469,Whitlocks End,52.3918,-1.8515,WTE
2470,Whitstable,51.3576,1.0333,WHI
2471,Whittlesea,52.5495,-0.119,WLE
2472,Whittlesford Parkway,52.1036,0.1656,WLF
2473,Whitton,51.4496,-0.3577,WTN
2474,Whitwell (Derbyshire),53.28,-1.2002,WWL
2475,Whyteleafe,51.31,-0.0811,WHY
2476,Whyteleafe South,51.3034,-0.0769,WHS
2477,Wick,58.4416,-3.0969,WCK
2478,Wickford,51.615,0.5192,WIC
2479,Wickham Market,52.1511,1.3987,WCM
2480,Widdrington,55.2413,-1.6165,WDD
2481,Widnes,53.3785,-2.7335,WID
2482,Widney Manor,52.3959,-1.7744,WMR
2483,Wigan North Western,53.5437,-2.6333,WGN
2484,Wigan Wallgate,53.5448,-2.6332,WGW
2485,Wigton,54.8291,-3.1643,WGT
2486,Wildmill,51.5209,-3.5796,WMI
2487,Willesden Junction,51.5325,-0.2445,WIJ
2488,Williamwood,55.7937,-4.2903,WLM
2489,Willington,52.8536,-1.5634,WIL
2490,Wilmcote,52.223,-1.756,WMC
2491,Wilmslow,53.3268,-2.2263,WML
2492,Wilnecote (Staffs),52.6107,-1.6797,WNE
2493,Wimbledon,51.4213,-0.2064,WIM
2494,Wimbledon Chase,51.4096,-0.214,WBO
2495,Winchelsea,50.9338,0.7023,WSE
2496,Winchester,51.0672,-1.3197,WIN
2497,Winchfield,51.2849,-0.907,WNF
2498,Winchmore Hill,51.6339,-0.1009,WIH
2499,Windermere,54.3796,-2.9034,WDM
2500,Windsor and Eton Central,51.4833,-0.6104,WNC
2501,Windsor and Eton Riverside,51.4856,-0.6065,WNR
2502,Winnersh,51.4303,-0.8769,WNS
2503,Winnersh Triangle,51.4367,-0.8913,WTI
2504,Winsford,53.1905,-2.4946,WSF
2505,Wishaw,55.772,-3.9264,WSH
2506,Witham,51.806,0.6391,WTM
2507,Witley,51.1332,-0.6458,WTY
2508,Witton (West Midlands),52.5124,-1.8844,WTT
2509,Wivelsfield,50.9643,-0.1208,WVF
2510,Wivenhoe,51.8565,0.9561,WIV
2511,Woburn Sands,52.0182,-0.6541,WOB
2512,Woking,51.3185,-0.557,WOK
2513,Wokingham,51.4112,-0.8425,WKM
2514,Woldingham,51.2902,-0.0519,WOH
2515,Wolverhampton,52.5878,-2.1195,WVH
2516,Wolverton,52.0659,-0.8043,WOL
2517,Wombwell,53.5173,-1.4162,WOM
2518,Wood End,52.3437,-1.8442,WDE
2519,Wood Street,51.5866,-0.0024,WST
2520,Woodbridge,52.0904,1.3178,WDB
2521,Woodgrange Park,51.5493,0.0444,WGR
2522,Woodhall,55.9312,-4.6554,WDL
2523,Woodhouse,53.3637,-1.3576,WDH
2524,Woodlesford,53.7568,-1.4429,WDS
2525,Woodley,53.4293,-2.0933,WLY
2526,Woodmansterne,51.319,-0.1543,WME
2527,Woodsmoor,53.3865,-2.1421,WSR
2528,Wool,50.6816,-2.2215,WOO
2529,Woolston,50.8989,-1.3771,WLS
2530,Woolwich Arsenal,51.4899,0.0692,WWA
2531,Woolwich Dockyard,51.4911,0.0546,WWD
2532,Wootton Wawen,52.2669,-1.7847,WWW
2533,Worcester Foregate Street,52.1951,-2.2216,WOF
2534,Worcester Park,51.3813,-0.2452,WCP
2535,Worcester Shrub Hill,52.1947,-2.2094,WOS
2536,Worcestershire Parkway,52.156,-2.16,WOP
2537,Workington,54.6451,-3.5585,WKG
2538,Worksop,53.3115,-1.1228,WRK
2539,Worle,51.358,-2.9096,WOR
2540,Worplesdon,51.289,-0.5826,WPL
2541,Worstead,52.7774,1.4041,WRT
2542,Worthing,50.8185,-0.3762,WRH
2543,Wrabness,51.9395,1.1715,WRB
2544,Wraysbury,51.4577,-0.5419,WRY
2545,Wrenbury,53.0194,-2.5959,WRE
2546,Wressle,53.7729,-0.9243,WRS
2547,Wrexham Central,53.0462,-2.9991,WXC
2548,Wrexham General,53.0502,-3.0024,WRX
2549,Wye,51.185,0.9293,WYE
2550,Wylam,54.975,-1.8141,WYM
2551,Wylde Green,52.5457,-1.8314,WYL
2552,Wymondham,52.5654,1.118,WMD
2553,Wythall,52.3799,-1.8655,WYT
2554,Yalding,51.2265,0.4122,YAL
2555,Yardley Wood,52.4215,-1.8544,YRD
2556,Yarm,54.4939,-1.3515,YRM
2557,Yate,51.5406,-2.4325,YAE
2558,Yatton,51.391,-2.8278,YAT
2559,Yeoford,50.7769,-3.7271,YEO
2560,Yeovil Junction,50.9248,-2.6125,YVJ
2561,Yeovil Pen Mill,50.9445,-2.6134,YVP
2562,Yetminster,50.8958,-2.5738,YET
2563,Ynyswen,51.665,-3.5216,YNW
2564,Yoker,55.8926,-4.3863,YOK
2565,York,53.958,-1.0932,YRK
2566,Yorton,52.809,-2.7365,YRT
2567,Ystrad Mynach,51.6409,-3.2413,YSM
2568,Ystrad Rhondda,51.6436,-3.4667,YSR
